bun test v1.4.0 (34cbb9a40)

tests-unit/review-photo-ownership-source.test.ts:
(pass) review photo ownership source contracts > ReviewCard resolves only owner- and review-bound public URLs [0.61ms]
(pass) review photo ownership source contracts > ReviewEditModal validates ownership before rendering, persisting, or deleting object keys [0.90ms]
(pass) review photo ownership source contracts > local File previews are restricted and revoked [0.16ms]
(pass) review photo ownership source contracts > the review composer uploads and persists one canonical review id [0.69ms]

tests-unit/device-location-privacy.test.ts:
(pass) readback acquisition is the only mint boundary and validates the exact response schema [0.73ms]
(pass) readiness literals, spreads, clones, and JSON cannot mint a capability without the removed factory API [1.23ms]
(pass) device coordinates use only approved memory and the exact Naver network sink [0.46ms]
(pass) business source relabels do not bypass the device coordinate gate [0.08ms]
(pass) capabilities are opaque, revocable, and reject clone or relabel attempts [0.20ms]
(pass) monotonic expiry cannot be revived by replaying an earlier clock value [1.30ms]
(pass) tracking lifecycle revokes the genuine capability exactly once on every stop path [0.22ms]
(pass) home client revokes retained capabilities on readiness failure, lifecycle cleanup, and errors [0.06ms]
(pass) home client keeps the capability boundary before disclosure and confines rendering to Naver [0.17ms]

tests-unit/auth-existing-account-recovery.test.ts:
(pass) existing account privacy recovery > issues a newer token greater than the previous token [0.58ms]
(pass) existing account privacy recovery > end clears only the matching recovery token [0.58ms]
(pass) existing account privacy recovery > normalizes email casing and surrounding whitespace [0.45ms]
(pass) existing account privacy recovery > treats null, undefined, and empty user email as inactive [0.96ms]
(pass) existing account privacy recovery > is active before the 30 second deadline and inactive at expiration [0.36ms]
(pass) existing account privacy recovery > expiration check clears the stored recovery state [0.98ms]
(pass) existing account privacy recovery > repeated begin keeps only the latest recovery active [0.50ms]

tests-unit/popular-restaurants-region-filtering.test.ts:
(pass) popular restaurant region filtering > matches modern and legacy province names for domestic filters [0.24ms]
(pass) popular restaurant region filtering > keeps island filters visible even when the address uses county names [0.03ms]
(pass) popular restaurant region filtering > builds a Supabase OR filter before query limits are applied [0.14ms]
(pass) popular restaurant region filtering > keeps latest restaurants visible when they already appear in the popular list [0.17ms]
(pass) latest restaurant recency > orders by the YouTube publish time instead of the row insert time [0.15ms]

tests-unit/privacy-policy-contract.test.tsx:
(pass) G010 privacy policy publication contract > keeps the Korean public source and accepts only a matching deployed readback [0.14ms]
(pass) G010 privacy policy publication contract > uses one Korean-first public document hash for embedded and public policy content [1.68ms]
(pass) G010 privacy policy publication contract > keeps every processing class machine-readable and publication-blocking until operator facts and readback exist [0.37ms]
(pass) G010 privacy policy publication contract > does not make compliance, filing, regulator-acceptance, or guaranteed-deletion claims [0.46ms]
(pass) G010 privacy policy publication contract > does not collect DOB or RRN and keeps age, required acknowledgement, and marketing choices distinct [0.24ms]
(pass) G010 privacy policy publication contract > separates in-memory device location from persisted business coordinates [0.21ms]
(pass) G010 privacy policy publication contract > states itemized deletion limits, provider and backup boundaries, and raw-data-free support requests [0.13ms]
(pass) G010 privacy policy publication contract > links to official Korean privacy authorities [0.06ms]

tests-unit/verified-review-count-rows.test.ts:
(pass) verified review count pagination > reads all 0 reviews with 1 bounded requests including EOF [0.33ms]
(pass) verified review count pagination > reads all 1 reviews with 2 bounded requests including EOF [0.07ms]
(pass) verified review count pagination > reads all 999 reviews with 2 bounded requests including EOF [1.04ms]
(pass) verified review count pagination > reads all 1000 reviews with 2 bounded requests including EOF [0.30ms]
(pass) verified review count pagination > reads all 1001 reviews with 3 bounded requests including EOF [0.48ms]
(pass) verified review count pagination > reads all 2000 reviews with 3 bounded requests including EOF [0.57ms]
(pass) verified review count pagination > reads all 2501 reviews with 4 bounded requests including EOF [0.75ms]
(pass) verified review count pagination > does not mistake the server cap or a short nonempty page for EOF [0.49ms]
(pass) verified review count pagination > empty input makes no requests [0.04ms]
(pass) verified review count pagination > keeps every review on canonical/deleted duplicate IDs without counting another branch [1.35ms]
(pass) verified review count pagination > changed input IDs between invocations start from an independent cursor [0.07ms]
(pass) verified review count pagination > caller mutations cannot change the filter halfway through a read [0.11ms]
(pass) verified review count pagination > deleting an earlier ID between pages does not shift away unread IDs [0.06ms]
(pass) verified review count pagination > thrown page 1 failure rejects instead of returning partial counts [0.06ms]
(pass) verified review count pagination > returned page 1 error rejects instead of treating it as empty [0.03ms]
(pass) verified review count pagination > thrown page 2 failure rejects instead of returning partial counts
(pass) verified review count pagination > returned page 2 error rejects instead of treating it as empty
(pass) verified review count pagination > rejects a malformed, out-of-order, duplicate or oversized page [0.02ms]
(pass) verified review count pagination > rejects a malformed, out-of-order, duplicate or oversized page
(pass) verified review count pagination > rejects a malformed, out-of-order, duplicate or oversized page [0.01ms]
(pass) verified review count pagination > rejects a malformed, out-of-order, duplicate or oversized page
(pass) verified review count pagination > rejects a malformed, out-of-order, duplicate or oversized page
(pass) verified review count pagination > rejects a malformed, out-of-order, duplicate or oversized page
(pass) verified review count pagination > rejects a malformed, out-of-order, duplicate or oversized page
(pass) verified review count pagination > rejects a malformed, out-of-order, duplicate or oversized page
(pass) verified review count pagination > a replayed last ID fails closed without an infinite loop or duplicate count [0.03ms]

tests-unit/ocr-route-helpers.test.ts:
(pass) OCR route helper contracts > automatic mode tries all provider credentials while manual mode keeps no-fallback semantics [0.06ms]
(pass) OCR route helper contracts > parses selected restaurant context without trusting raw client text as verified data [0.11ms]
(pass) selected restaurant OCR context parsing > keeps optional address and category context when review form provides it [0.05ms]

tests-unit/draft-store-hardening-contract.test.ts:
(pass) submission and edit-request draft stores > round-trips normal drafts while preserving omitted optional fields [7.09ms]
(pass) submission and edit-request draft stores > deletes an expired requested row after bounded sweeps leave it behind [1.38ms]
(pass) submission and edit-request draft stores > rejects nested accessors, unknown values, and detectable proxies without invoking traps [0.32ms]

tests-unit/supabase-entrypoint-source.test.ts:
(pass) Supabase Local_Database access entrypoint source contract (Requirement 9.7) > only the frozen allowlist of files constructs a Supabase client [0.31ms]
(pass) Supabase Local_Database access entrypoint source contract (Requirement 9.7) > each canonical entrypoint constructs exactly its expected primitive from the expected SDK package [2.79ms]
(pass) Supabase Local_Database access entrypoint source contract (Requirement 9.7) > canonical entrypoints share one Supabase URL config so Local and Hosted use the same entrypoints [0.83ms]
(pass) Supabase Local_Database access entrypoint source contract (Requirement 9.7) > the privileged Storage client keeps only .storage and stays server-only [0.11ms]
(pass) Supabase Local_Database access entrypoint source contract (Requirement 9.7) > general server code routes Local_Database access through an entrypoint, not the SDK [0.06ms]
(pass) Supabase Local_Database access entrypoint source contract (Requirement 9.7) > no first-party source opens a direct Postgres connection that bypasses Supabase [36.88ms]

tests-unit/nightly-profile-read-rpc-boundary.test.ts:
(pass) nightly public-profile read RPC boundary > accepts only bounded distinct UUID summary requests [1.56ms]
(pass) nightly public-profile read RPC boundary > accepts only exact bounded leaderboard requests [0.40ms]
(pass) nightly public-profile read RPC boundary > accepts only exact null-or-paired leaderboard page cursors [0.25ms]
(pass) nightly public-profile read RPC boundary > rejects raw duplicate JSON member names including escaped aliases [0.24ms]
(pass) nightly public-profile read RPC boundary > accepts only exact POST profile RPC preflights [0.52ms]
(pass) nightly public-profile read RPC boundary > rejects percent-encoded and malformed profile RPC path aliases [0.25ms]
(pass) nightly public-profile read RPC boundary > rejects origin, method, query, content-type, path, and size drift [0.22ms]

tests-unit/admin-storyboard-job-boundary.test.ts:
(pass) storyboard job route boundaries > status: denies unauthenticated/non-admin access before client creation [0.49ms]
(pass) storyboard job route boundaries > status: rejects empty, oversized, and injection IDs without reflecting them or querying [0.36ms]
(pass) storyboard job route boundaries > status: retains success shape and actor ownership filters [1.49ms]
(pass) storyboard job route boundaries > status: empty owner-scoped results remain not found [0.13ms]
(pass) storyboard job route boundaries > status: client failure returns a fixed code with sanitized correlated logs [1.05ms]
(pass) storyboard job route boundaries > status: rejection failure returns a fixed code with sanitized correlated logs [0.08ms]
(pass) storyboard job route boundaries > status: returned failure returns a fixed code with sanitized correlated logs [0.05ms]
(pass) storyboard job route boundaries > cancel: denies unauthenticated/non-admin access before client creation [0.25ms]
(pass) storyboard job route boundaries > cancel: rejects empty, oversized, and injection IDs without reflecting them or querying [0.24ms]
(pass) storyboard job route boundaries > cancel: retains success shape and actor ownership filters [0.06ms]
(pass) storyboard job route boundaries > cancel: empty owner-scoped results remain not found [0.04ms]
(pass) storyboard job route boundaries > cancel: client failure returns a fixed code with sanitized correlated logs [0.10ms]
(pass) storyboard job route boundaries > cancel: rejection failure returns a fixed code with sanitized correlated logs [0.04ms]
(pass) storyboard job route boundaries > cancel: returned failure returns a fixed code with sanitized correlated logs [0.04ms]
(pass) storyboard job route boundaries > cancel rejects cross-origin requests before the database boundary [0.05ms]
(pass) storyboard job route boundaries > cancel keeps replay readback scoped to the actor and handles readback errors [0.26ms]

tests-unit/admin-sidebar-order.test.ts:
(pass) admin sidebar order normalization > keeps server and client defaults stable for review and operations sections [0.02ms]
(pass) admin sidebar order normalization > covers every routed admin module without tying route id order to sidebar IA order [0.04ms]
(pass) admin sidebar order normalization > resets old saved section slots when modules move between operations and lab [0.08ms]
(pass) admin sidebar order normalization > preserves a valid custom order while filling only missing defaults [0.12ms]

tests-unit/map-view-panel-helpers.test.ts:
(pass) map view panel helpers > builds panel state setter that prefers external collapse toggle [0.08ms]
(pass) map view panel helpers > resolves panel width preferring prop width [0.02ms]
(pass) map view panel helpers > resolves panel open state preferring prop state [0.01ms]
(pass) map view panel helpers > prefers external panel close callback [0.02ms]
(pass) map view panel helpers > falls back to local panel state update
(pass) map view panel helpers > toggles panel using current state snapshot [0.02ms]
(pass) map view panel helpers > opens review modal [0.01ms]
(pass) map view panel helpers > creates restaurant-bound action only when callback exists [0.13ms]

tests-unit/public-profile-read.test.ts:
(pass) public profile summary RPC boundary > uses the exact RPC contract and preserves requested ordinal order [0.64ms]
(pass) public profile summary RPC boundary > allows omitted rows but rejects duplicates, reordered rows, and extra fields [0.19ms]
(pass) public profile summary RPC boundary > drops only the deleted-account row instead of blanking the whole batch [0.04ms]
(pass) public profile summary RPC boundary > still rejects an empty nickname and a reordered deleted-account row [0.07ms]
(pass) public profile summary RPC boundary > preserves every bounded raw avatar reference needed for legacy repair [0.09ms]
(pass) public profile summary RPC boundary > bounds inputs before transport and returns no raw provider diagnostic [0.16ms]
(pass) public profile summary RPC boundary > classifies an invalid session without preserving the provider error [0.06ms]
(pass) public profile leaderboard RPC boundary > maps the exact ranked response and validates deterministic order [0.18ms]
(pass) public profile leaderboard RPC boundary > rejects invalid parameters and malformed or unsorted results [0.11ms]
(pass) public profile leaderboard page RPC boundary > uses the exact null-or-paired cursor contract and proves after-cursor order [0.13ms]
(pass) public profile leaderboard page RPC boundary > fetches 101+ equal-score rows sequentially across the UUID boundary [0.81ms]
(pass) public profile leaderboard page RPC boundary > rejects malformed, duplicate, and no-progress second pages without publishing a prefix [0.55ms]
(pass) public profile leaderboard page RPC boundary > rejects malformed cursor pairs before transport [0.09ms]
(pass) public reviewer display labels > labels lookup failure separately from a missing deleted-account row [0.07ms]
(pass) public reviewer display labels > lookup wrapper swallows RPC failures without inventing deleted-account labels [0.13ms]
(pass) public reviewer display labels > reads array summaries even when Array.prototype.get exists [0.06ms]
(pass) public reviewer display labels > reads map summaries by lowercase user id [0.01ms]
(pass) public reviewer display labels > lookup wrapper batches more than 100 ids instead of failing the whole page [0.26ms]
(pass) public profile caller convergence > routes public and self reads through the bounded RPC helper [2.08ms]

tests-unit/naver-map-resize-offset-helpers.test.ts:
(pass) naver map resize offset helpers > returns half panel offset on desktop with zero vertical shift [0.05ms]
(pass) naver map resize offset helpers > returns mobile vertical shift when on mobile

tests-unit/map-view-panel-width-helpers.test.ts:
(pass) map view panel width helpers > updates panel width for each observer entry [0.09ms]

tests-unit/naver-map-cluster-visuals.test.ts:
(pass) naver map cluster visuals > hashes string keys deterministically [0.09ms]
(pass) naver map cluster visuals > builds cluster feature with lng/lat coordinates [0.03ms]
(pass) naver map cluster visuals > builds cluster marker html content [0.12ms]
(pass) naver map cluster visuals > returns naver cluster marker visual payload [0.04ms]
(pass) naver map cluster visuals > builds cluster marker render plan from position and current animation index [0.04ms]
(pass) naver map cluster visuals > builds animation icon plan from key and injected index resolver [0.06ms]
(pass) naver map cluster visuals > skips a marker icon write when the content and anchor are unchanged [0.02ms]

tests-unit/naver-map-render-plan.test.ts:
(pass) naver map render plan helpers > derives regional cluster mode for low zoom without selected region [0.04ms]
(pass) naver map render plan helpers > derives seoul district filtered mode for mid zoom [0.02ms]
(pass) naver map render plan helpers > filters visible restaurants while preserving selected restaurant [0.14ms]
(pass) naver map render plan helpers > examines only the viewport cells for a small window in a large list [1.29ms]
(pass) naver map render plan helpers > reuses the visible list when a small pan keeps the same restaurants [0.14ms]
(pass) naver map render plan helpers > keeps only restaurants that can produce Naver marker coordinates [0.09ms]
(pass) naver map render plan helpers > reuses the input list when every restaurant already has numeric coordinates [0.01ms]
(pass) naver map render plan helpers > treats numeric coordinate strings as renderable marker coordinates [0.03ms]
(pass) naver map render plan helpers > filters Seoul individual marker candidates by id and coordinates [0.05ms]
(pass) naver map render plan helpers > builds stable render target ids for restaurants and regional clusters [0.23ms]
(pass) naver map render plan helpers > reuses render target ids when the source lists are the same [0.02ms]
(pass) naver map render plan helpers > includes visit count in marker render signature [0.03ms]
(pass) naver map render plan helpers > includes selected restaurant outside display data in marker render signature [0.03ms]
(pass) naver map render plan helpers > reports marker render performance only for large development marker sets [0.02ms]
(pass) naver map render plan helpers > clears empty cluster state when clustering is off or display is empty [0.02ms]
(pass) naver map render plan helpers > reuses the previous empty array identity when clearing cluster collections [0.01ms]
(pass) naver map render plan helpers > continues skipped marker updates only when an empty theme still has leftover DOM [0.03ms]
(pass) naver map render plan helpers > releases leftover cluster markers when the empty theme display is empty [0.02ms]

tests-unit/restaurant-detail-media-copy.test.ts:
(pass) restaurant detail media copy > uses natural Korean copy for merged youtube videos without technical source wording [0.12ms]
(pass) restaurant detail media copy > uses matching natural Korean copy for merged reviews [0.03ms]
(pass) restaurant detail media copy > uses concise expanded toggle text [0.01ms]

tests-unit/naver-map-target-offset-helpers.test.ts:
(pass) naver map target offset helpers > returns half viewport offset on desktop with zero vertical offset [0.04ms]
(pass) naver map target offset helpers > returns half viewport offset and mobile vertical offset on mobile [0.10ms]

tests-unit/privacy-mutation-request-security.test.ts:
(pass) privacy mutation request security > privacy mutations use bounded bodies before privileged work, except the explicit fail-closed deletion gate [0.59ms]
(pass) privacy mutation request security > account deletion previews and applies only for the Bearer subject in fail-closed order [0.11ms]
(pass) privacy mutation request security > account deletion requires exactly one RPC row and leaves durable work outside the request boundary [0.04ms]
(pass) privacy mutation request security > the internal deletion worker requires a server-only capability and strict bounded JSON before service-role work [0.06ms]
(pass) privacy mutation request security > shared reader rejects strict media types, malformed lengths, overflow, and length mismatches [0.87ms]
(pass) privacy mutation request security > shared reader bounds hanging cancellation without waiting for it [26.20ms]
(pass) privacy mutation request security > shared reader requires a complete body and bounds never-ending and slow-drip streams at a fixed total deadline [2002.65ms]
(pass) privacy mutation request security > shared reader races request aborts and cancels the body [0.25ms]
(pass) privacy mutation request security > shared reader rejects fatal UTF-8, partial JSON, and duplicate members before parsing [0.49ms]
(pass) privacy mutation request security > shared reader accepts a complete exact UTF-8 JSON body and same-origin guard preserves bearer-only semantics [0.11ms]

tests-unit/next-tracing-root.test.ts:
(pass) Next adapter file paths in the monorepo > Vercel resolves generated files to apps/web from the repository root [34.05ms]
(pass) Next adapter file paths in the monorepo > local development keeps app-scoped tracing without standalone output [14.22ms]
(pass) Next adapter file paths in the monorepo > local production keeps the existing standalone repository layout [14.11ms]

tests-unit/admin-user-audit-privacy.test.ts:
(pass) admin user audit privacy contract > keeps historical creation audit schema while the admin creation route fails closed [0.41ms]
(pass) admin user audit privacy contract > uses keyed full-length request minimization and fails closed without a key [0.53ms]
(pass) admin user audit privacy contract > mutation route derives matched canonical reason and error codes without snapshots [0.26ms]

tests-unit/seo-source.test.ts:
(pass) SEO source contracts > canonical production origin is www.tzudong.app and shared across metadata routes [0.23ms]
(pass) SEO source contracts > robots and sitemap expose only canonical public routes [0.38ms]
(pass) SEO source contracts > home page has crawlable metadata and lightweight structured data [0.13ms]
(pass) SEO source contracts > public app routes have unique segment metadata at the layout boundary [0.18ms]
(pass) SEO source contracts > private and utility routes are noindexed with explicit segment titles [0.23ms]

tests-unit/supabase-rest-client.test.ts:
(pass) Supabase REST client > escapes PostgREST list operands and preserves empty input [0.06ms]
(pass) Supabase REST client > fetches rows with encoded query parameters and the public authorization headers [0.27ms]
(pass) Supabase REST client > fails closed to an empty list for announcement/banner permission denials only [0.17ms]
(pass) Supabase REST client > passes through successful JSON without runtime row-shape validation [0.03ms]
(pass) Supabase REST client > posts RPC arguments, encodes the function name, and returns bounded status errors [0.13ms]
(pass) Supabase REST client > treats an unreadable successful RPC body as null data [0.03ms]
(pass) Supabase REST client > reads exact HEAD counts and rejects missing or unauthorized count responses [0.15ms]
(pass) Supabase REST client > rejects missing or blank public settings for every operation before fetch [0.16ms]
(pass) Supabase REST client > bounds failure codes to the operation and a valid integer HTTP status [0.04ms]
(pass) Supabase REST client > bounds transport rejections for rows, counts and RPC without changing rejection semantics [0.23ms]
(pass) Supabase REST client > bounds malformed or unreadable row JSON and preserves the RPC null fallback [0.10ms]
(pass) Supabase REST client > bounds RPC argument serialization failures before fetch [0.78ms]
(pass) Supabase REST client > rejects malformed and non-HTTP config URLs with a fixed code before fetch [0.17ms]
(pass) Supabase REST client > keeps HTTP failures exact and rejects other public announcement/banner failures [0.25ms]
(pass) Supabase REST client > discards failed response streams without reading them even when cancellation rejects [0.23ms]

tests-unit/admin-audit-contract.test.ts:
(pass) admin audit coverage contract > describes partial domain-specific coverage without universal claims [0.06ms]
(pass) admin audit coverage contract > builds stable mutation audit receipts with bounded metadata [0.04ms]
(pass) admin audit coverage contract > returns coverage and privacy-bounded event metadata [3.41ms]
(pass) admin audit coverage contract > returns unavailable coverage and logs only sanitized database diagnostics [0.65ms]
(pass) admin audit coverage contract > fails closed when the bounded audit RPC returns malformed rows [0.47ms]

tests-unit/review-edit-modal-photo-cleanup.test.ts:
(pass) ReviewEditModal photo cleanup workflow > stages canonical cleanup before review mutations and whole-review deletion [0.04ms]
(pass) ReviewEditModal photo cleanup workflow > fails closed on resolved remove errors and keeps retryable cleanup state visible [0.08ms]
(pass) ReviewEditModal photo cleanup workflow > compensates every tracked upload after partial upload or database failures [0.05ms]

tests-unit/home-map-theme-filters.test.ts:
(pass) home map theme filters > exposes the approved YouTube-first taxonomy and config [0.12ms]
(pass) home map theme filters > identifies only metadata-backed chips for compact youtube_meta projection [0.02ms]
(pass) home map theme filters > accepts numeric strings and includes ties in the current-result top band [0.32ms]
(pass) home map theme filters > reports whether the current result set has usable theme metrics [0.35ms]
(pass) home map theme filters > ignores invalid and missing metrics instead of treating them as zero [0.07ms]
(pass) home map theme filters > keeps missing, invalid, and duplicate metadata from changing metric selection [0.06ms]
(pass) home map theme filters > keeps the single restaurant with a valid metric when valid data exists [0.02ms]
(pass) home map theme filters > accepts snake_case YouTube KPI metric aliases from snapshot-backed metadata [0.02ms]
(pass) home map theme filters > anchors fresh-video to the latest candidate publish date rather than wall clock [0.08ms]
(pass) home map theme filters > accepts snake_case published_at aliases for fresh-video [0.02ms]
(pass) home map theme filters > counts repeat-video from merged links without metadata and dedupes duplicate links [0.06ms]
(pass) home map theme filters > does not count alternate canonical URLs for the same video as repeat appearances [0.04ms]
(pass) home map theme filters > uses merged metadata sources and dedupes conservatively [0.05ms]
(pass) home map theme filters > fan-signal excludes tiny high-ratio videos by requiring median view baseline [0.13ms]
(pass) home map theme filters > fan-signal applies the view baseline to the same video as the comment ratio [0.04ms]

tests-unit/admin-review-merge.test.ts:
(pass) mergeAdminReviewRestaurant > calls the admin-review merge RPC with the expected payload [0.40ms]
(pass) mergeAdminReviewRestaurant > replaces handled RPC details with a fixed failure message [0.05ms]
(pass) mergeAdminReviewRestaurant > replaces transport details with a fixed failure message [0.03ms]

tests-unit/restaurant-refresh-cron.test.ts:
(pass) restaurant refresh cron > filters ineligible approved restaurants before applying the scan limit [0.14ms]
(pass) restaurant refresh cron > builds phone-first queries from approved restaurant state [0.22ms]
(pass) restaurant refresh cron > records anchored candidate snapshots for name and address drift without auto apply [0.22ms]
(pass) restaurant refresh cron > ignores weak local results that only share a broad query region [0.06ms]
(pass) restaurant refresh cron > turns all-local no-result into review-only closure candidate [0.09ms]
(pass) restaurant refresh cron > does not turn foreign local-search misses into closure candidates [0.06ms]
(pass) restaurant refresh cron > readback mismatch creates a new review candidate instead of silently accepting drift [0.07ms]

tests-unit/admin-auto-delete-missing-evaluation.test.ts:
(pass) admin missing evaluation auto delete rule > auto-deletes explicit missing rows from active review queues [0.06ms]
(pass) admin missing evaluation auto delete rule > auto-deletes provider no-result rows only when there is no usable candidate [0.07ms]
(pass) admin missing evaluation auto delete rule > never auto-deletes approved, rejected, deleted, or conflict rows [0.02ms]

tests-unit/submission-user-request-security.test.ts:
(pass) submission and admin-user request security > uses bounded JSON schema caps without raw readers and retains no-store responses [0.31ms]
(pass) submission and admin-user request security > checks same-origin after authentication and before reading or privileged mutation work [0.17ms]
(pass) submission and admin-user request security > rejects declared and streamed over-cap bodies plus malformed media, while accepting exact valid bodies [0.54ms]
(pass) submission and admin-user request security > rejects malformed, unknown, lossy, oversized, and coordinate payloads before any persistence [6.78ms]
(pass) submission and admin-user request security > accepts new and recommendation request controls only after exact validation [1.84ms]

tests-unit/restaurant-review-counts.test.ts:
(pass) related restaurant review counts > counts verified reviews attached to a deleted duplicate for its approved canonical card [0.22ms]
(pass) related restaurant review counts > does not count same-name reviews from a different address [0.05ms]

tests-unit/storyboard-rag-service-role-boundary.test.ts:
(pass) storyboard RAG service-role narrowing > bounded client module stays type-only and never imports the privileged client [0.18ms]
(pass) storyboard RAG service-role narrowing > RAG routes narrow the privileged client instead of widening it to any [0.12ms]

tests-unit/admin-storyboard-eight-presets-ultraqa.test.ts:
(pass) storyboard ten guided preset UltraQA coverage > generates trusted exact-provenance images for all ten starter presets without credentials or ambient heatmap data [998.98ms]

tests-unit/storyboard-prompt-safety.test.ts:
(pass) storyboard prompt safety > flags secret values, secret references and hostile instructions [0.69ms]
(pass) storyboard prompt safety > treats ordinary or empty storyboard copy as safe [0.12ms]
(pass) storyboard prompt safety > repeated detection is stable across calls on the same input [0.02ms]
(pass) storyboard prompt safety > redacts secret values while keeping the rest of the copy [0.04ms]
(pass) storyboard prompt safety > redacts hostile instructions in English and Korean [0.03ms]
(pass) storyboard prompt safety > redacts the remainder of a hostile sentence up to the next terminator [0.02ms]
(pass) storyboard prompt safety > collapses repeated replacements and normalizes spacing [0.07ms]
(pass) storyboard prompt safety > is idempotent for already sanitized text [0.60ms]
(pass) storyboard prompt safety > sanitizeStoryboardPrompt matches public text sanitization [0.04ms]

tests-unit/admin-storyboard-rag.test.ts:
(pass) storyboard local RAG layer > builds typed prompt, topic, scene, and heatmap documents from local storyboard evidence [0.38ms]
(pass) storyboard local RAG layer > reports required BGE providers while marking local unit RAG as fixture-only [0.50ms]
(pass) storyboard local RAG layer > registers every screenshot model as a required live RAG stack capability [0.13ms]
(pass) storyboard local RAG layer > wires storyboard document hybrid v2 RPC with rollback and index migration [0.44ms]
(pass) storyboard local RAG layer > documents audit/backfill gates and preserves route/batch parity source contracts [0.78ms]
(pass) storyboard local RAG layer > instruments storyboard route payloads and preserves cache boundaries [1.21ms]
(pass) storyboard local RAG layer > selects operating profiles without credentials, network, or GPU execution [0.41ms]
(pass) storyboard local RAG layer > formats profile trace with current profile, provider location, queue, timeout, and missing-model actions [0.15ms]
(pass) storyboard local RAG layer > maps required RAG failures to Korean fail-closed status without raw technical details [0.52ms]
(pass) storyboard local RAG layer > fails closed with explicit provider unavailable reason when no evidence documents exist [0.19ms]
(pass) storyboard local RAG layer > does not treat prompt-only context as independent retrieval evidence [0.07ms]
(pass) storyboard local RAG layer > does not count planner-derived scene drafts as independent retrieval evidence [0.12ms]
(pass) storyboard local RAG layer > fails closed when available local documents are unrelated to the user intent [0.08ms]
(pass) storyboard local RAG layer > scores a RAG fixture experiment with the full explainable rubric [4.77ms]
(pass) storyboard local RAG layer > records explainable backlog when RAG relevance fails closed [1.34ms]
(pass) storyboard local RAG layer > blocks pass when demo sources overlap the prompt [1.08ms]
(pass) storyboard local RAG layer > blocks pass when provenance flags are forged on demo-mode sources [4.52ms]
(pass) storyboard local RAG layer > blocks pass when local-demo heatmap URI casing is forged [3.30ms]
(pass) storyboard local RAG layer > fails the rubric when local RAG provider descriptors are missing [4.02ms]
(pass) storyboard local RAG layer > fails the rubric when required BGE provider descriptors are downgraded [4.23ms]
(pass) storyboard local RAG layer > fails the rubric when required BGE model labels are hidden [4.15ms]
(pass) storyboard local RAG layer > fails each missing required provider field independently [3.37ms]
(pass) storyboard local RAG layer > fails the rubric when status is used but no matches are present [3.35ms]
(pass) storyboard local RAG layer > fails the rubric when RAG match metrics are non-finite [4.45ms]

tests-unit/privacy-compensation-key-runtime.test.ts:
(pass) durable privacy compensation key compatibility > existing v1 hold keys remain identical after the token digest correction [2.43ms]
(pass) durable privacy compensation key compatibility > the same operation is stable and distinct challenge, owner and reason stay separate [0.08ms]

tests-unit/device-performance-cluster-options.test.ts:
(pass) device performance level > maps every level to its cluster options [0.05ms]
(pass) device performance level > falls back to the detected level when no level is given [0.05ms]
(pass) device performance level > reports a finite level without a browser window [0.01ms]
(pass) device performance level > caches the detected level until the cache is reset [0.06ms]

tests-unit/public-surface-design-contract.test.ts:
(pass) public surface design contract > page inventory is exactly the 27-row matrix [8.89ms]
(pass) public surface design contract > loading files use the three-way taxonomy and do not treat null loaders as missing [5.23ms]
(pass) public surface design contract > error files stay at root plus feed, global-map, and mypage [3.55ms]
(pass) public surface design contract > AppRuntimeLayout families are exactly the eleven segment layouts [3.82ms]
(pass) public surface design contract > pins all five CSS owner-to-importer mappings and forbids a sixth Tailwind entry [48.25ms]
(pass) public surface design contract > freezes each Tailwind owner path and not @source scope [0.59ms]
(pass) public surface design contract > records dual 404 contexts and keeps not-found a server module [0.36ms]
(pass) public surface design contract > imports the shared light-mode token partial with per-owner cascade context [0.49ms]
(pass) public surface design contract > horizontal allowlist enumerates data-horizontal-scroll-owner values only [53.86ms]
(pass) public surface design contract > family chrome stays Korean-first and legal pages stay chrome-less [1.02ms]

tests-unit/dialog-content-inset.test.ts:
(pass) dialog content inset > components/ui/dialog.tsx leaves viewport gutters with the default width cap [0.02ms]
(pass) dialog content inset > components/ui/dialog.tsx preserves callers that change only the width cap [3.44ms]
(pass) dialog content inset > components/ui/alert-dialog.tsx leaves viewport gutters with the default width cap
(pass) dialog content inset > components/ui/alert-dialog.tsx preserves callers that change only the width cap [0.12ms]

tests-unit/admin-evaluation-responsive-css.test.ts:
(pass) admin responsive CSS guard > keeps desktop admin display and sidebar layout utilities in the generated app Tailwind CSS [348.96ms]
(pass) admin responsive CSS guard > keeps generated Tailwind output out of the root CSS boundary [1824.89ms]
(pass) Speed Insights runtime gate > activates the deferred client module only for an enabled production root gate [0.08ms]
(pass) operational pane source guard > keeps map/info and list/detail panes shrinkable with state-specific scroll ownership [0.44ms]
(pass) operational pane source guard > preserves logical panel focus order and the guarded proposal workflow order [0.18ms]

tests-unit/storyboard-quality-loop-script.test.ts:
(pass) storyboard quality loop script > scores 12 operator scenarios with scope classification and exact seed provenance [164.05ms]
(pass) storyboard quality loop script > fails closed when seed image provenance is missing or not exact [346.67ms]
(pass) storyboard quality loop script > rejects output directories outside the OMX artifact tree [64.14ms]
(pass) storyboard quality loop script > treats a supplied but unreachable HTTP readback URL as a gating failure [120.02ms]

tests-unit/legal-public-pages-source.test.ts:
(pass) public legal and app-review readiness contracts > privacy and data deletion pages are public route files with shared metadata and cross-links [6.88ms]
(pass) public legal and app-review readiness contracts > privacy policy content is shared between auth modal and public privacy page [0.18ms]
(pass) public legal and app-review readiness contracts > support and operator copy is centralized away from UI components [0.30ms]

tests-unit/youtube-meta-provider-security.test.ts:
(pass) youtube metadata provider security > rejects a cross-site mutation before request parsing, budget reservation, or provider egress [39.22ms]
(pass) youtube metadata provider security > denies sponsor-analysis egress when its separate provider budget is exhausted [0.83ms]
(pass) youtube metadata provider security > requires anchored affirmative Korean and English first-party sponsor disclosures [10.73ms]
(pass) youtube metadata provider security > reports a bounded sponsor provider failure without exposing provider text [1.08ms]

tests-unit/naver-map-user-movement-helpers.test.ts:
(pass) naver map user movement helpers > resets user moved ref to false [0.02ms]

tests-unit/storyboard-production-api.test.ts:
(pass) worker authentication and proof boundary > hashes canonical 32-byte-or-longer base64url token text with SHA256 [0.31ms]
(pass) worker authentication and proof boundary > DB lookup gets only the hash and must return one UUID owner [2.29ms]
(pass) worker authentication and proof boundary > requires paired heartbeat job and lease and forbids full document or diagnostic fields [1.74ms]
(pass) worker authentication and proof boundary > requires configured local model, installed catalog capability and consistent evidence [0.78ms]
(pass) worker authentication and proof boundary > manual proof is always generated as unverified user import [0.10ms]
(pass) admin/API contracts and bounded failures > historical restore validates its strict envelope [0.58ms]
(pass) admin/API contracts and bounded failures > restore goes through the atomic admin RPC without worker or model calls [1.96ms]
(pass) admin/API contracts and bounded failures > restore refuses missing or corrupt original bytes before any mutation [9.11ms]
(pass) admin/API contracts and bounded failures > full restore re-hashes only the bounded original and still proves every asset [3.99ms]
(pass) admin/API contracts and bounded failures > versions and preview use the authenticated existing project GET handler [0.46ms]
(pass) admin/API contracts and bounded failures > restore DB failures have bounded HTTP codes [1.45ms]
(pass) admin/API contracts and bounded failures > all admin endpoints require auth before params, body, storage or DB work [0.49ms]
(pass) admin/API contracts and bounded failures > synthetic dev/e2e identities cannot become UUID owners [0.29ms]
(pass) admin/API contracts and bounded failures > admin mutations reject cross-origin even with an arbitrary bearer header [0.09ms]
(pass) admin/API contracts and bounded failures > invalid IDs and unknown payload fields fail before DB calls [1.33ms]
(pass) admin/API contracts and bounded failures > external providers need consent and configured official APIs never dispatch [0.69ms]
(pass) admin/API contracts and bounded failures > actual JSON size is bounded even with a false content-length [0.25ms]
(pass) admin/API contracts and bounded failures > fixed error response never includes exception strings or DB diagnostics [0.26ms]
(pass) admin/API contracts and bounded failures > worker endpoint authenticates before consuming invalid JSON [0.09ms]
(pass) multipart and transactional image checkpoints > rejects unknown and duplicate multipart fields [1.45ms]
(pass) multipart and transactional image checkpoints > bounds chunked multipart bytes before parsing a file [0.93ms]
(pass) multipart and transactional image checkpoints > manual image import rejects projectId mismatch and provenance metadata [1.20ms]
(pass) multipart and transactional image checkpoints > rechecks lease after upload and removes unreferenced variants after cancellation [5.96ms]
(pass) multipart and transactional image checkpoints > reads back an uncertain checkpoint before cleanup and accepts only its committed asset [3.61ms]
(pass) multipart and transactional image checkpoints > keeps uploaded files private when checkpoint readback is itself uncertain [2.12ms]
(pass) multipart and transactional image checkpoints > rejects mismatched MIME or provenance before any upload [3.60ms]
(pass) private asset downloads and bounded reopenable exports > exports original plus WebP bytes and preserves request/document fields [4.74ms]
(pass) private asset downloads and bounded reopenable exports > selects only the exact DB variant basename and checks MIME and SHA256 [2.91ms]
(pass) private asset downloads and bounded reopenable exports > refuses URL parameters and extra/duplicate variant selectors [0.56ms]
(pass) private asset downloads and bounded reopenable exports > export rejects document asset claims that differ from authoritative rows [4.50ms]
(pass) private asset downloads and bounded reopenable exports > checks total base64 export budget before downloading any object [4.08ms]

tests-unit/admin-youtube-thumbnail-history.test.ts:
(pass) admin youtube thumbnail history > keeps thumbnail history inside the generator page instead of static html [1.05ms]
(pass) admin youtube thumbnail history > keeps the admin route wired to non-fatal server-side history persistence [0.51ms]
(pass) admin youtube thumbnail history > resolves the default canonical root outside public history [0.10ms]
(pass) admin youtube thumbnail history > rejects canonical metadata roots under public qa-history [0.02ms]
(pass) admin youtube thumbnail history > returns an empty list for missing or malformed canonical history [1.27ms]
(pass) admin youtube thumbnail history > filters legacy synthetic, Python QA seed, non-exact provider, failed, invalid provider, and unsafe image path runs [1.89ms]
(pass) admin youtube thumbnail history > persists local canonical metadata outside public and writes no html files [2.97ms]

tests-unit/naver-map-marker-visuals.test.ts:
(pass) naver map marker visuals > reuses the visual for the same restaurant until a displayed field changes [0.25ms]
(pass) naver map marker visuals > returns selected marker payload [0.03ms]
(pass) naver map marker visuals > returns unselected marker payload [0.02ms]
(pass) naver map marker visuals > shows red visit count badge for restaurants visited at least twice [0.04ms]
(pass) naver map marker visuals > does not show visit count badge for single-visit restaurants [0.01ms]
(pass) naver map marker visuals > marks user-submitted restaurants with a distinct marker wrapper without changing category asset [0.08ms]
(pass) naver map marker visuals > uses admin overlay marker assets for trend and seasonal marker kinds [0.03ms]

tests-unit/naver-map-resize-observer-helpers.test.ts:
(pass) naver map resize observer helpers > triggers immediate resize and debounced post-transition work [0.08ms]
(pass) naver map resize observer helpers > cancel clears pending debounce [0.02ms]
(pass) naver map resize observer helpers > cleanup disconnects observer before cancelling debounce [0.02ms]

tests-unit/unvisited-restaurants-derivation.test.ts:
(pass) unvisited restaurants derivation > 미방문 목록과 방문 수를 한 번의 순회로 계산해도 이전 구현과 결과가 같다 [33.23ms]
(pass) unvisited restaurants derivation > 리뷰가 없으면 전부 미방문이고 빈 입력은 빈 목록을 돌려준다 [0.12ms]
(pass) unvisited restaurants derivation > 리뷰 후보 객체가 없어도 restaurant_id가 같으면 방문으로 계산한다 [0.02ms]
(pass) unvisited restaurants derivation > 승인 목록에 없는 식당을 리뷰한 경우 미방문 목록을 그대로 유지한다 [0.02ms]
(pass) unvisited restaurants derivation > 후보의 이름과 주소가 모두 다르면 같은 동네라도 방문으로 세지 않는다 [0.02ms]
(pass) unvisited restaurants derivation > 훅은 병합과 방문 판정 파생값을 입력이 바뀔 때만 다시 계산한다 [0.18ms]

tests-unit/naver-map-overlay-position-helpers.test.ts:
(pass) naver map overlay position helpers > uses zero offset on mobile even when panel is open [0.12ms]
(pass) naver map overlay position helpers > uses zero offset when desktop panel is collapsed [0.03ms]
(pass) naver map overlay position helpers > applies half panel offset on desktop when panel is open [0.01ms]
(pass) naver map overlay position helpers > keeps zero offset in grid mode

tests-unit/admin-system-status.test.ts:
(pass) admin system status helper > reports storyboard/BGE readiness and key availability from env [9.84ms]
(pass) admin system status helper > adds command snippets for missing run_daily/storyboard/BGE checks [0.81ms]
(pass) admin system status helper > redacts endpoint credentials and query fragments while checking system status [0.78ms]
(pass) admin system status helper > omits raw provider token values when they are configured [3.26ms]
(pass) admin system status helper > marks storyboard and bge integration issues with source metadata [1.23ms]
(pass) admin system status helper > reports frame-caption readiness from local path and redacts gdrive credentials [1.84ms]
(pass) admin system status helper > emits frame-caption checklist warnings when both local and gdrive paths are unavailable [1.15ms]
(pass) admin system status helper > supports auto-discovered frame-caption path when no explicit env var is set [179.42ms]
(pass) admin system status helper > reports Naver provider readiness through system status without leaking secrets [2.14ms]
(pass) admin system status helper > maps thumbnail durable release payloads to stable readiness without module mocks [0.91ms]
(pass) admin system status helper > dual-reads pipelineControl from job API snapshot or current-summary manifest [6.21ms]
(pass) admin system status API route > requires admin authorization before checks [0.86ms]
(pass) admin system status API route > returns system status payload with no-store and hides secrets [1.24ms]
(pass) admin system status API route > returns no server-key checklist when provider keys are configured [1.36ms]
(pass) admin system status API route > returns frame caption status payload via API route without exposing credential fragments [1.62ms]
(pass) admin system status API route > prefers run_daily manifest failure state and keeps remote probes disabled by default [1.66ms]
(pass) admin system status API route > reports missing run_daily current-summary as explicit unknown state [2.78ms]
(pass) admin system status API route > uses opt-in read-only GitHub and Supabase status probes without leaking tokens [1.96ms]
(pass) admin system status API route > keeps daily GitHub responses bounded, strict, and fixed-code only [1.89ms]
(pass) admin system status API route > uses credential-free GitHub reads only in strict local runtime after a rejected token [1.75ms]
(pass) admin system status API route > allows public workflow status without a token only in strict local runtime [1.34ms]
(pass) admin system status API route > keeps partial Supabase counts unreachable and returns fixed failure codes [0.79ms]
(pass) admin system status API route > reports bounded local canonical and hosted fallback nightly history without leaking tokens [1.08ms]
(pass) admin system status API route > fails closed on malformed or unreachable nightly history without returning provider bodies [1.11ms]
(pass) admin system status API route > fails closed on malformed run rows and oversized nightly provider responses [1.12ms]
(pass) admin system status API route > adds stable readiness to Directions local fallback and validation errors [2.64ms]
[admin/routes/directions] provider request failed {
  domain: "route_planner",
  action: "naver_directions",
  step: "provider-request",
  provider: "naver-directions",
  errorName: "Error",
}
(pass) admin system status API route > adds redacted Directions readiness for provider auth failure, provider non-OK, and fetch exceptions [1.22ms]
(pass) admin system status center view model > renders healthy only when all evidence is current, complete, and queues are empty [3.09ms]
(pass) admin system status center view model > fails closed when run_daily evidence is stale [0.42ms]
(pass) admin system status center view model > surfaces nightly current conclusion, failure streak, and last success as degraded [0.41ms]
(pass) admin system status center view model > keeps WARN and skipped run_daily evidence partial instead of healthy [0.29ms]
(pass) admin system status center view model > keeps UNKNOWN run_daily final status out of healthy state [0.25ms]
(pass) admin system status center view model > fails closed when manifest evidence is missing [0.28ms]
(pass) admin system status center view model > treats malformed manifest reads as unknown instead of healthy [0.29ms]
(pass) admin system status center view model > keeps partial GDrive proof and pending work out of healthy state [0.83ms]
(pass) admin system status center view model > surfaces canonical pending-count domains and lifecycle degraded state [0.80ms]
(pass) admin system status center view model > keeps missing log or unreadable pending counts out of healthy state [0.52ms]

tests-unit/naver-map-toast-helpers.test.ts:
(pass) naver map toast helpers > shows toast immediately and schedules the hide update on a fake timer [0.20ms]
(pass) naver map toast helpers > cancels and version-fences an older hide timer across retrigger and disposal [0.12ms]
(pass) naver map toast helpers > resolves rotating announcement toast display plan [0.04ms]
(pass) naver map toast helpers > keeps temporary overlays from fading out over the map [0.06ms]
(pass) naver map toast helpers > rotates through every banner announcement when multiple notices are exposed [0.05ms]
(pass) naver map toast helpers > does not show announcement toast when there are no announcements [0.01ms]
(pass) naver map toast helpers > resolves inactive announcement toast state and timer cleanup flags [0.05ms]
(pass) naver map toast helpers > resolves announcement toast initial and interval schedule policy [0.05ms]
(pass) naver map toast helpers > resolves announcement cleanup flags for interval and timers [0.01ms]
(pass) naver map toast helpers > resolves announcement click target for active toast id [0.06ms]

tests-unit/dashboard-classifiers.test.ts:
(pass) dashboard evaluation classifiers > detects rule metrics only from object fields [0.06ms]
(pass) dashboard evaluation classifiers > detects laaj metrics across every supported field [0.06ms]
(pass) dashboard evaluation classifiers > returns no false message when location match passed or is absent [0.07ms]
(pass) dashboard evaluation classifiers > falls back to the pending reason and then to a generic message [0.03ms]
(pass) dashboard evaluation classifiers > labels not-selected evaluations by the first matching cause [0.04ms]

tests-unit/retained-marker-accessibility.test.ts:
(pass) outside-padded mask is owned, reversible and has no geometry or focus changes [0.12ms]
(pass) does not remove a hidden state owned by another source [0.02ms]
(pass) release/replacement cleanup allows the newly generated SDK root to be masked [0.02ms]
(pass) SDK root not yet present stays retryable; removed root clears release ownership [0.02ms]
(pass) delayed SDK roots share one observer and are masked on insertion without another render [0.08ms]
(pass) visible/released marker cancels a pending root and does not later hide a replacement [0.02ms]
(pass) changing map target disconnects the old pending observer [0.02ms]
(pass) an SDK root replacement with the same desired state is masked again [0.03ms]
(pass) hides the app overlay anchor containing a sibling review button and restores it [0.03ms]

tests-unit/map-restaurant-lookup.test.ts:
(pass) map restaurant lookup helpers > indexes visible and merged restaurant ids without overwriting the first owner [0.06ms]
(pass) map restaurant lookup helpers > matches a merged search result to the visible restaurant that owns it [0.04ms]
(pass) map restaurant lookup helpers > falls back to matching by name and coordinates for non-merged restaurants [0.03ms]

tests-unit/same-origin-mutation.test.ts:
(pass) same-origin mutation authorization > allows exact same-origin browser mutations and safe methods [0.05ms]
(pass) same-origin mutation authorization > keeps a configured loopback origin exact for local mutation servers [0.04ms]
(pass) same-origin mutation authorization > trusts the live loopback server when the configured site URL uses another local port [0.02ms]
(pass) same-origin mutation authorization > rejects cross-origin, same-site sibling, null, missing, and ambiguous origins [0.04ms]
(pass) same-origin mutation authorization > does not trust internal paths for cross-origin cookie mutations [0.02ms]
(pass) same-origin mutation authorization > allows only exact cookie-free internal capability routes through the CSRF layer [0.08ms]
(pass) same-origin mutation authorization > allows only cookie-free Bearer credentials through this CSRF layer [0.02ms]
(pass) same-origin mutation authorization > fails closed on an invalid or absent production canonical origin and is wired before session bypass [0.10ms]

tests-unit/privacy-consent-settings.test.ts:
(pass) privacy consent settings request and state contracts > allows exactly one matching ordinary or night channel decision with bounded identifiers [0.13ms]
(pass) privacy consent settings request and state contracts > reads only the owner and keeps ordinary and night channel state independent with denied defaults [0.07ms]
(pass) privacy consent settings route > authenticates with the session client and owner-scopes the privacy view without service role [0.02ms]
(pass) privacy consent settings route > requires the current policy and performs an authenticated RPC followed by an independent readback [0.03ms]
(pass) privacy consent settings route > fails closed for stale policy and idempotency mismatch with fixed errors only [0.02ms]
(pass) privacy consent settings route > authenticates before same-origin and bounded JSON checks, then returns a non-enumerating guardian denial [0.03ms]
(pass) profile consent controls > keeps optional settings unknown until readback, separates ordinary and night controls, and leaves failures retryable [0.12ms]
(pass) profile consent controls > updates a withdrawal only after the constant readback receipt and does not persist consent in local storage [0.06ms]
(pass) profile consent controls > preserves the account deletion control surface [0.04ms]
(pass) profile consent controls > reloads consent settings only when the signed-in user changes, not on every auth user object [0.05ms]
(pass) profile consent controls > bounds a stalled consent read so the controls cannot stay disabled without a retryable error [0.07ms]

tests-unit/admin-refresh-apply-route.test.ts:
(pass) restaurant refresh apply RPC boundary > requireAdmin and origin rejection run before privileged work [0.64ms]
(pass) restaurant refresh apply RPC boundary > binds server actor and database preview, returns existing response after committed readback [0.51ms]
(pass) restaurant refresh apply RPC boundary > closure and empty/null-only patches do not call apply [0.53ms]
(pass) restaurant refresh apply RPC boundary > already-decided candidates are rejected without a write [0.09ms]
(pass) restaurant refresh apply RPC boundary > stale/identity conflicts return fixed responses without diagnostic leakage or retries [0.20ms]
(pass) restaurant refresh apply RPC boundary > invalid database input maps to 400 [0.05ms]
(pass) restaurant refresh apply RPC boundary > non-apply decision is compare-and-set and cannot overwrite a concurrently applied candidate [0.29ms]
[admin/restaurant-refresh-history] failed to mutate refresh history:
[admin/restaurant-refresh-history] failed to mutate refresh history:
(pass) restaurant refresh apply RPC boundary > wrong receipt or failed committed readback never reports success or retries [0.56ms]

tests-unit/restaurant-visit-matching-index.test.ts:
(pass) canonical visited lookup index > 같은 주소에 이름이 맞는 맛집을 고른다 [0.85ms]
(pass) canonical visited lookup index > 주소가 다르면 같은 이름이라도 고르지 않는다 [0.12ms]
(pass) canonical visited lookup index > 주소는 같지만 이름이 맞지 않으면 건너뛴다 [0.06ms]
(pass) canonical visited lookup index > 이름 게이트를 통과하는 맛집이 뒤에 있어도 가장 앞선 맛집을 고른다 [0.14ms]
(pass) canonical visited lookup index > 주소+이름으로 찾은 맛집이 직접 ID로 찾은 맛집보다 앞서면 앞선 맛집을 고른다 [0.13ms]
(pass) canonical visited lookup index > 직접 ID로 찾은 맛집이 앞서면 그 맛집을 고른다 [0.04ms]
(pass) canonical visited lookup index > 병합된 레코드의 주소도 후보 주소와 맞으면 고른다 [0.03ms]
(pass) canonical visited lookup index > 주소가 없는 후보는 주소가 없는 맛집에만 붙는다 [0.08ms]
(pass) canonical visited lookup index > 리뷰 ID만 있고 후보 레코드가 없으면 직접 ID로만 찾는다 [0.04ms]
(pass) canonical visited lookup index > 찾는 리뷰 ID와 후보 ID가 다르면 후보 경로는 결과를 만들지 않는다 [0.01ms]
(pass) canonical visited lookup index > 후보의 두 주소가 같은 맛집에 걸려도 한 번만 보고 고른다 [0.04ms]
(pass) canonical visited lookup index > 서로 다른 주소 버킷에 걸린 두 맛집 중 앞선 맛집을 고른다 [0.09ms]
(pass) canonical visited lookup index > 무작위 워크로드에서 두 경로의 선택이 모두 같다 [12.80ms]

tests-unit/admin-pending-counts-source.test.ts:
(pass) admin pending counts source contract > evaluations submission context consumes canonical pending-counts endpoint [0.30ms]
(pass) admin pending counts source contract > pending-counts route remains the admin-gated authority for queue domains [0.08ms]

tests-unit/security-workflow-source.test.ts:
(pass) security audit workflow source contract > uses exact commit checkouts without persisted credentials [0.34ms]
(pass) security audit workflow source contract > keeps every security job least-privilege and time-bounded [0.14ms]
(pass) security audit workflow source contract > runs current bounded audits and commit-bound SBOM evidence [0.29ms]

tests-unit/typescript-toolchain-command.test.ts:
(pass) toolchain command protocol and diagnostic boundary > preserves a date-bearing manifest path and JSON beyond the diagnostic limit [0.70ms]
(pass) toolchain command protocol and diagnostic boundary > redacts and bounds failed command diagnostics with signal null [0.08ms]
(pass) toolchain command protocol and diagnostic boundary > redacts and bounds failed command diagnostics with signal SIGTERM [0.03ms]
(pass) toolchain command protocol and diagnostic boundary > does not propagate a launch error body [0.05ms]

tests-unit/dependency-modernization-compatibility.test.ts:
(pass) dependency modernization compatibility > uses DayPicker v10 navigation and selection class hooks [17.09ms]
(pass) dependency modernization compatibility > uses the production cn adapter to merge calendar utility conflicts [0.16ms]
(pass) dependency modernization compatibility > renders Recharts v3 tooltip and legend labels, including a zero value [1.77ms]
(pass) dependency modernization compatibility > renders percentage defaults; browser interaction coverage verifies resizing [1.42ms]

tests-unit/naver-map-panel-state-helpers.test.ts:
(pass) naver map panel state helpers > marks internal shrinking layout only for local detail panel mode [0.08ms]
(pass) naver map panel state helpers > treats external marker click mode separately [0.02ms]
(pass) naver map panel state helpers > does not shrink layout in grid mode

tests-unit/admin-family-design-contract.test.ts:
(pass) admin family design contract > keeps two-pane overview and guarded apply grammar [0.57ms]
(pass) admin family design contract > does not invent a family error.tsx under admin [0.06ms]

tests-unit/desktop-left-panel-entry.test.ts:
(pass) desktop left panel route entry helpers > expands for admin, mypage, and home left-panel routes with extra URL state [0.10ms]
(pass) desktop left panel route entry helpers > does not expand for unknown map panels or malformed input [0.03ms]

tests-unit/privacy-safe-cli-log.test.ts:
(pass) privacy-safe CLI logging > redacts operational secrets and keeps safe compiler diagnostics readable [0.47ms]
(pass) privacy-safe CLI logging > keeps canonical UUID identifiers readable while redacting real phone numbers [0.05ms]
(pass) privacy-safe CLI logging > bounds text without coercing arbitrary values [0.06ms]
(pass) privacy-safe CLI logging > logs only a safe error name and code without reading diagnostics [0.13ms]
(pass) privacy-safe CLI logging > preserves the scheduler logger API and its bounded output [0.11ms]

tests-unit/home-map-keyboard-navigation.test.ts:
(pass) home map keyboard navigation guards > returns step for ArrowRight when guard passes [0.04ms]
(pass) home map keyboard navigation guards > returns step for ArrowLeft when guard passes
(pass) home map keyboard navigation guards > returns null for editable target
(pass) home map keyboard navigation guards > returns null for interactive target [0.01ms]
(pass) home map keyboard navigation guards > returns null when modifiers or composition are active [0.02ms]
(pass) home map keyboard navigation guards > recognizes contenteditable target [0.01ms]
(pass) home map keyboard adjacent restaurant selection > selects next and previous restaurant by step [0.04ms]
(pass) home map keyboard adjacent restaurant selection > returns null on boundary and never selects outside current list (mode boundary safety) [0.02ms]
(pass) desktop arrow event handler > moves to next and previous restaurants according to arrow key when enabled [0.04ms]
(pass) desktop arrow event handler > does not process when desktop=false
(pass) desktop arrow event handler > does not process when panel is closed
(pass) desktop arrow event handler > does not process when no current restaurant exists [0.01ms]
(pass) desktop arrow event handler > does not process when swipeable count is 1
(pass) desktop arrow event handler > calls preventDefault only when movement happened [0.02ms]

tests-unit/admin-storyboard-local-bridge.test.ts:
(pass) storyboard local bridge contract > normalizes only localhost bridge URL and token shapes [0.62ms]
(pass) storyboard local bridge contract > builds and validates trusted local bridge image response shape [0.18ms]
(pass) storyboard local bridge contract > keeps generated image data out of repeated local bridge request payloads [0.14ms]
(pass) storyboard local bridge server > grants allowed CORS/PNA preflight and safe health without returning token [9.79ms]
(pass) storyboard local bridge server > serves the helper page without requiring an Origin header [4.26ms]
(pass) storyboard local bridge server > rejects helper query confusion and one-time session nonce replays before provider invocation [7.94ms]
(pass) storyboard local bridge server > rejects missing token and wrong origin before provider invocation [4.54ms]
(pass) storyboard local bridge server > rejects malformed and oversized payloads before provider invocation [5.67ms]
(pass) storyboard local bridge server > rejects path-like, non-integer, duplicate, and inherited storyboard scenes before provider work [11.79ms]
(pass) storyboard local bridge server > generates only for valid, unique integer storyboard scene numbers [87.31ms]
(pass) storyboard local bridge server > emits only a fixed readiness code without the pairing token [3.90ms]
(pass) storyboard local bridge server > returns trusted image for valid paired fake provider request [69.32ms]
(pass) storyboard local bridge server > does not inherit API, Supabase, or authorization secrets into provider environment or response [74.53ms]
(pass) storyboard local bridge server > accepts loopback helper origins for status and generation routes [70.09ms]
(pass) storyboard local bridge server > uses the Windows-safe default Python command for storyboard image providers [460.17ms]
(pass) storyboard local bridge server > runs configured Windows cmd provider commands for storyboard and thumbnail routes [0.47ms]
(pass) storyboard local bridge server > serves thumbnail images through the same paired local bridge without a server relay [65.27ms]
(pass) storyboard local bridge server > rejects non-canonical, MIME-mismatched, or oversized-dimension thumbnail references before provider invocation [5.93ms]
(pass) storyboard local bridge server > fails closed when thumbnail provider reports an output path outside the expected run output [65.67ms]
(pass) storyboard local bridge server > rejects wrong-format, byte-mismatched, and hash-mismatched provider files before disclosure and removes run artifacts [205.59ms]
(pass) storyboard local bridge server > rejects provider symlink outputs on POSIX before disclosure [65.75ms]
(pass) storyboard local bridge server > fails closed on misleading provider success output with non-zero exit [311.17ms]
(pass) storyboard local bridge server > removes direct-child and grandchild provider trees before returning a timeout response [763.68ms]
(pass) storyboard local bridge server > removes direct-child and grandchild thumbnail provider trees after output overflow [426.84ms]
(pass) storyboard local bridge server > removes private run artifacts and direct-child/grandchild trees when the client aborts [601.49ms]

tests-unit/field-admission.test.ts:
(pass) bounds each platform source, the worker and reset window without persistent identities [0.30ms]
(pass) unknown or untrusted sources share a bounded bucket [0.37ms]
(pass) session bypass is exact, credentialless and leaves other paths protected [0.05ms]

tests-unit/naver-map-overlap-helpers.test.ts:
(pass) naver map overlap helpers > groups markers by quantized coordinates [0.05ms]
(pass) naver map overlap helpers > assigns deterministic pixel offsets only to overlapping coordinates [0.10ms]
(pass) naver map overlap helpers > spreads three or more overlapping markers around the base point [0.03ms]
(pass) naver map overlap helpers > projects overlapping marker offset through the map projection [0.04ms]
(pass) naver map overlap helpers > keeps the base position for non-overlapping markers or projection errors [0.03ms]
(pass) naver map overlap helpers > reuses a marker position when latitude and longitude are unchanged [0.04ms]
(pass) naver map overlap helpers > reuses a projected coordinate for the same restaurant and position [0.03ms]

tests-unit/restaurant-review-lookup-cache.test.ts:
(pass) restaurant review lookup 정규화 캐시 > 후보 목록이 비면 직접 id만 돌려준다 [0.05ms]
(pass) restaurant review lookup 정규화 캐시 > 후보 목록이 배열이 아니면 예외를 던지지 않고 직접 id만 돌려준다 [0.02ms]
(pass) restaurant review lookup 정규화 캐시 > 같은 객체를 반복 조회해도 결과가 동일하다 [0.09ms]
(pass) restaurant review lookup 정규화 캐시 > 후보의 주소가 바뀌면 캐시를 버리고 다시 계산한다 [0.03ms]
(pass) restaurant review lookup 정규화 캐시 > 후보의 이름이 승인 이름과 같아지면 다시 포함한다 [0.02ms]
(pass) restaurant review lookup 정규화 캐시 > 승인 식당에 병합 레코드가 추가되면 주소 매칭 집합을 다시 계산한다 [0.04ms]
(pass) restaurant review lookup 정규화 캐시 > id가 없거나 목록에 null이 섞여도 건너뛴다 [0.01ms]
(pass) restaurant review lookup 정규화 캐시 > 후보 순서를 유지하고 중복 id는 한 번만 넣는다 [0.01ms]
(pass) restaurant review lookup 정규화 캐시 > 이름과 주소가 모두 비어 있는 후보는 주소 있는 승인 식당에 붙지 않는다 [0.03ms]

tests-unit/admin-evaluation-status-filter-options.test.ts:
(pass) PRIMARY_STATUS_FILTER_OPTIONS > keeps the visible primary status menu in the approved order [0.02ms]
(pass) PRIMARY_STATUS_FILTER_OPTIONS > sanitizes only visible primary status values [0.03ms]
(pass) PRIMARY_STATUS_FILTER_OPTIONS > classifies lifecycle and data-quality filters from the full admin DB record set [0.09ms]
(pass) PRIMARY_STATUS_FILTER_OPTIONS > queues geo-true insufficient_evidence from the shared reason set, not a leftover literal [0.07ms]
(pass) PRIMARY_STATUS_FILTER_OPTIONS > keeps table and slide approval gates on the shared address-consistency helper [0.16ms]
(pass) PRIMARY_STATUS_FILTER_OPTIONS > keeps mobile status filters clickable and view toggles icon-only [2.38ms]

tests-unit/admin-restaurant-update-conflict.test.ts:
(pass) admin restaurant update identity conflicts > detects a same-video active identity that would trigger the DB unique index [0.49ms]
(pass) admin restaurant update identity conflicts > formats Supabase 409 unique-index errors as actionable admin guidance [0.10ms]
(pass) admin restaurant update identity conflicts > auto soft-delete is limited to unreviewed pending duplicate sources [0.04ms]

tests-unit/admin-youtube-thumbnail-generator.test.ts:
(pass) admin youtube thumbnail generator > normalizes thumbnail local bridge contract and trusts exact local-codex gpt-image-2 only [0.27ms]
(pass) admin youtube thumbnail generator > allows only local Codex and OpenAI gpt-image-2 thumbnail providers [0.27ms]
(pass) admin youtube thumbnail generator > exposes OpenAI gpt-image-2 availability without exposing Gemini fallback [0.18ms]
(pass) admin youtube thumbnail generator > accepts OpenAI request-scoped session API key only for OpenAI gpt-image-2 provider [0.08ms]
(pass) admin youtube thumbnail generator > calls OpenAI Images API with gpt-image-2 only and returns requested-label image [0.79ms]
(pass) admin youtube thumbnail generator > documents that thumbnail generation only executes after exact provenance proof [0.56ms]
(pass) admin youtube thumbnail generator > does not use arbitrary generated thumbnails as the initial preview without Tzuyang host proof [1.20ms]
(pass) admin youtube thumbnail generator > filters exact thumbnail history out of the default preview until Tzuyang host proof exists [0.80ms]
(pass) admin youtube thumbnail generator > allows exact thumbnail history as the default preview only with explicit Tzuyang host proof [0.50ms]
(pass) admin youtube thumbnail generator > falls back to a bundled cross-computer thumbnail preview when no durable generated preview exists [0.40ms]
(pass) admin youtube thumbnail generator > validates multipart payload shape and image magic bytes [0.32ms]
(pass) admin youtube thumbnail generator > validates thumbnail chat requests before opening the SSE backend-agent stream [0.49ms]
(pass) admin youtube thumbnail generator > rejects non-multipart and oversized route bodies before parsing form data [0.15ms]
(pass) admin youtube thumbnail generator > reads complete static reference images with file-count, byte-size, and mime guards [2.79ms]
(pass) admin youtube thumbnail generator > rejects compressed manual uploads whose canonical images exceed the aggregate budget before provider work [1828.33ms]
(pass) admin youtube thumbnail generator > imports remote reference images through exact-host, DNS, timeout, size, and image guards [15.21ms]
(pass) admin youtube thumbnail generator > blocks unsafe rendered text, copied prompt chunks, contact data, prices, and brands [0.09ms]
(pass) admin youtube thumbnail generator > requires a host/person reference before generating a Tzuyang-like host visual [0.43ms]
(pass) admin youtube thumbnail generator > selects local Tzuyang metadata references without claiming BGE/reranker use [2.85ms]
(pass) admin youtube thumbnail generator > G013 local-pool safety keeps a bounded regular JSONL control when unsafe entries coexist [7.13ms]
(pass) admin youtube thumbnail generator > uses the default thumbnail retrieval adapter for local vector/reranker grounding [96.16ms]
(pass) admin youtube thumbnail generator > keeps explicit Tzuyang chat requests on host references even when the prompt mentions text edits [38.39ms]
(pass) admin youtube thumbnail generator > claims BGE retrieval labels only when command diagnostics prove actual use [57.29ms]
(pass) admin youtube thumbnail generator > resolves the default local Tzuyang metadata pool from an apps/web runtime cwd [2.57ms]
(pass) admin youtube thumbnail generator > degrades retrieval command invalid JSON to local metadata references instead of provider failure [62.20ms]
(pass) admin youtube thumbnail generator > does not let style or composition evidence satisfy host/person upload roles [0.06ms]
(pass) admin youtube thumbnail generator > attaches safe retrieved Tzuyang thumbnail images as visual references without granting host likeness [2.08ms]
(pass) admin youtube thumbnail generator > can opt into existing Tzuyang thumbnails as host references when the operator requests Tzuyang [1.77ms]
(pass) admin youtube thumbnail generator > limits automatic retrieved references to smaller host/style budgets [7.84ms]
(pass) admin youtube thumbnail generator > uses collected Tzuyang thumbnails as host references by default for the Tzuyang channel preset [0.83ms]
(pass) admin youtube thumbnail generator > tries lower-resolution YouTube thumbnails when maxres reference fetch fails [0.71ms]
(pass) admin youtube thumbnail generator > tells gpt-image-2 to closely match collected Tzuyang thumbnail visual grammar while preserving likeness guard [0.07ms]
(pass) admin youtube thumbnail generator > passes Tzuyang host references to the local Codex bridge as identity-lock references [0.11ms]
(pass) admin youtube thumbnail generator > keeps exact local Codex readiness when only the durable proof copy remains [102.26ms]
[thumbnail/local-codex] c2patool structural proof failed: Executable not found in $PATH: "c2patool"
[thumbnail/local-codex] c2patool structural proof failed: Executable not found in $PATH: "c2patool"
(pass) admin youtube thumbnail generator > rejects forged C2PA summary fields when the durable image lacks structural c2patool proof [3.06ms]
(pass) admin youtube thumbnail generator > rejects exact-looking local Codex proof when no durable generated copy exists [0.52ms]
(pass) admin youtube thumbnail generator > rejects exact-looking local Codex proof when durable path is not a PNG file [0.88ms]
(pass) admin youtube thumbnail generator > rejects exact-looking local Codex proof when durable path escapes its durable root [2.00ms]
(pass) admin youtube thumbnail generator > blocks opt-in local Codex execution when exact gpt-image-2 provenance is unavailable [0.66ms]
(pass) admin youtube thumbnail generator > local Codex gpt-image-2 mode executes only after exact proof and returns exact base image [402.97ms]
(pass) admin youtube thumbnail generator > reuses exact gpt-image-2 cache for identical final prompt and reference bytes [735.19ms]
[thumbnail/local-codex] c2patool structural proof failed: No claim found
(pass) admin youtube thumbnail generator > does not reuse cached exact gpt-image-2 images when cached PNG structural proof fails [480.31ms]
(pass) admin youtube thumbnail generator > serves the validated durable proof image instead of a mismatched transient output [207.41ms]
(pass) admin youtube thumbnail generator > rejects self-attested command exact JSON when latest durable proof was not updated [301.32ms]
(pass) admin youtube thumbnail generator > local Codex gpt-image-2 mode stops when model provenance is unverified even without a strict opt-in flag [0.44ms]
(pass) admin youtube thumbnail generator > local Codex mode rejects non-gpt-image-2 labels before command execution [0.26ms]
(pass) admin youtube thumbnail generator > rejects local Codex command output when exact result path does not match expected output [94.81ms]
(pass) admin youtube thumbnail generator > runs backend-agent planning but blocks local Codex provider generation without exact provenance [51.02ms]
(pass) admin youtube thumbnail generator > passes retrieval evidence into backend-agent planning payload [48.11ms]
(pass) admin youtube thumbnail generator > runs the thumbnail local graph through a LangGraph-compatible fallback when python langgraph is absent [84.03ms]
(pass) admin youtube thumbnail generator > does not disguise a broken installed LangGraph import as package absence [55.30ms]
(pass) admin youtube thumbnail generator > keeps session API keys out of backend-agent command env while allowing provider-only env overrides [57.32ms]
(pass) admin youtube thumbnail generator > backend-agent bounded output trust boundary > terminates and awaits the full process tree when combined stdout and stderr exceed the hard cap [1057.62ms]
(pass) admin youtube thumbnail generator > backend-agent bounded output trust boundary > keeps Gemini keys, bearer tokens, and stdin request JSON out of the adapter environment and response [46.01ms]
(pass) admin youtube thumbnail generator > backend-agent bounded output trust boundary > rejects oversized action arrays and deep or unknown command diagnostics [202.88ms]
(pass) admin youtube thumbnail generator > backend-agent bounded output trust boundary > awaits aborted full process-tree cleanup before returning the fixed abort result [1058.08ms]
(pass) admin youtube thumbnail generator > fails explicitly when a configured thumbnail backend-agent command emits invalid JSON [47.24ms]
(pass) admin youtube thumbnail generator > fails explicitly when a configured thumbnail backend-agent command is unavailable [0.44ms]
(pass) admin youtube thumbnail generator > documents the thumbnail LangGraph backend-agent command bridge [0.41ms]
(pass) admin youtube thumbnail generator > runs thumbnail chat work through a backend-agent command contract [44.84ms]
(pass) admin youtube thumbnail generator > lets chat-driven generation choose OpenAI gpt-image-2 while keeping unsupported providers on fallback [142.87ms]
(pass) admin youtube thumbnail generator > blocks unsafe chat instructions without changing canvas copy or claiming false verification [0.54ms]
(pass) admin youtube thumbnail generator > answers non-mutating thumbnail chat intents locally without invoking backend-agent commands [0.52ms]
(pass) admin youtube thumbnail generator > uses bounded conversation and reference metadata for follow-up generation without image bytes [58.65ms]
(pass) admin youtube thumbnail generator > recognizes natural Korean headline particle requests before food-subject fallback [0.39ms]
(pass) admin youtube thumbnail generator > uses deterministic protected-zone placement for generated canvas text [2.15ms]
(pass) admin youtube thumbnail generator > normalizes generated chat result text through face-safe layout without touching manual edit paths [0.47ms]
(pass) admin youtube thumbnail generator > auto-generates natural canvas copy from food generation prompts [91.43ms]
(pass) admin youtube thumbnail generator > compacts longer explicit main copy when it is part of a generation request [43.72ms]
(pass) admin youtube thumbnail generator > benchmarks Tzuyang-style quantity and hook words while keeping automatic main copy concise [92.42ms]
(pass) admin youtube thumbnail generator > adds gated red warm benchmark prompt guidance only for spicy or challenge topics [0.10ms]
(pass) admin youtube thumbnail generator > returns selected-layer text patches and preserves global fields for contextual chat [46.89ms]
(pass) admin youtube thumbnail generator > prioritizes editingLayerId over activeLayerId for selected-layer chat patches [98.74ms]
(pass) admin youtube thumbnail generator > returns exact and role-targeted text replacement patches without local ambiguity [250.03ms]
(pass) admin youtube thumbnail generator > optimizes whole-canvas text layer styling while preserving existing copy [43.77ms]
(pass) admin youtube thumbnail generator > aborts thumbnail chat backend-agent commands with the request signal and run id [1056.18ms]
(pass) admin youtube thumbnail generator > returns JSON 400 for malformed thumbnail chat payloads without invoking the backend-agent [3.24ms]
(pass) admin youtube thumbnail generator > keeps local Codex disabled by default until exact model configuration is explicit [0.17ms]
(pass) admin youtube thumbnail generator > rejects the removed mock provider and keeps reusable prompt grammar [0.08ms]
(pass) admin youtube thumbnail generator > keeps role-aware reference summaries in generated prompt grammar [3.73ms]
(pass) admin youtube thumbnail generator > locks the live aesthetic evaluation loop contracts [0.72ms]
(pass) youtube thumbnail release candidates normalize exact gpt-image-2 manifest entries and promote without exposing artifact paths [4.36ms]
(pass) youtube thumbnail release candidates ignore exact food-only defaults without Tzuyang host proof [1.29ms]
(pass) youtube thumbnail durable release readback strips private source quality gate metadata [0.55ms]
(pass) youtube thumbnail durable release registry publishes exact candidates without exposing raw paths [2.22ms]
(pass) youtube thumbnail durable release registry fails soft when Supabase env and local candidates are absent [0.45ms]
(pass) youtube thumbnail durable release registry does not mirror local fallback assets during a read [1.26ms]
(pass) youtube thumbnail durable release registry uses an already mirrored local exact candidate fallback when Supabase env is absent [1.83ms]
(pass) youtube thumbnail durable release readiness reports empty active registry and missing table without leaking internals [0.81ms]
(pass) youtube thumbnail durable publish does not mask registry constraint failures as unavailable [2.01ms]
(pass) youtube thumbnail durable publish maps missing registry RPC to unavailable and cleans uploaded asset [2.11ms]
(pass) youtube thumbnail durable publish removes uploaded asset when registry publish fails [1.59ms]
(pass) youtube thumbnail durable asset proxy rejects corrupted storage bucket or object path rows [0.07ms]
(pass) youtube thumbnail durable release routes return 503 with readiness when the durable registry is unavailable [1.11ms]
(pass) youtube thumbnail durable release routes and UI keep admin proxy and no raw storage paths as source contract [0.52ms]
(pass) youtube thumbnail hosted release certification runner blocks hosted pass when only local smoke is available [17.10ms]
(pass) youtube thumbnail hosted release certification preserves local-only status when hosted inputs are incomplete [72.18ms]
(pass) youtube thumbnail hosted release certification requires a real hosted HTTPS base URL [278.33ms]
(pass) youtube thumbnail release candidates ignore stale promotion state instead of mutating QA history [4.23ms]
(pass) youtube thumbnail release candidates require explicit manifest-level exact eligibility [1.20ms]
[youtube-thumbnail/release-candidates] failed to mirror manifest artifact:
(pass) youtube thumbnail release candidates redact mirror failures and require valid sha256 [1.02ms]
(pass) youtube thumbnail release promotion ignores stale client manifest paths and uses the current server manifest only [2.82ms]
(pass) youtube thumbnail release candidates stay hidden and auto-seed the initial canvas [3.22ms]
(pass) youtube thumbnail release text layer fallback compacts long automatic headlines [0.17ms]
(pass) keeps thumbnail provenance labels honest for preview, history, and exact generations [1.34ms]
(pass) keeps thumbnail provider credentials in synchronously clearable component refs without Web Storage [2.77ms]

tests-unit/auth-ui-events.test.ts:
(pass) auth ui request events > uses a stable global event name for login prompts
(pass) auth ui request events > preserves caller metadata and fills a timestamp [0.06ms]
(pass) auth ui request events > dispatches explicit home auth session state for lazy home providers [0.08ms]
(pass) auth ui request events > defers login prompts briefly when a Supabase session hint exists [0.17ms]
(pass) auth ui request events > opens the login prompt after the grace period when a session hint is stale [0.06ms]
(pass) auth ui request events > forces known logged-out desktop prompts without waiting for stale session hints [0.03ms]

tests-unit/home-map-contextual-restaurants-source.test.ts:
(pass) home map contextual visible-marker restaurants > keeps raw visible swipe callback separate from contextual presentation payload [0.79ms]
(pass) home map contextual visible-marker restaurants > selects a bounded deterministic subset for marker review bubbles [0.21ms]
(pass) home map contextual visible-marker restaurants > renders compact review bubble markup with photo and escaped content [0.11ms]
(pass) home map contextual visible-marker restaurants > wires contextual state through container and home controls without overseas presentation [0.54ms]
(pass) home map contextual visible-marker restaurants > renders desktop and mobile contextual discovery only as presentation UI [1.64ms]

tests-unit/naver-map-resize-guards.test.ts:
(pass) naver map resize guards > skips recenter in grid mode [0.03ms]
(pass) naver map resize guards > skips recenter when user moved map or target says skip
(pass) naver map resize guards > allows recenter only when all guards are clear

tests-unit/storyboard-outbound-worker.test.ts:
(pass) outbound worker lifecycle (fixture models, no live inference) > claims, saves draft, uploads all scenes sequentially, then finishes [17.83ms]
(pass) outbound worker lifecycle (fixture models, no live inference) > an empty queue does not invoke any generation [0.12ms]
(pass) outbound worker lifecycle (fixture models, no live inference) > targeted regeneration invokes only the requested scene and preserves the draft [1.56ms]
(pass) outbound worker lifecycle (fixture models, no live inference) > restart skips committed images and retries only missing/error scenes [2.15ms]
(pass) outbound worker lifecycle (fixture models, no live inference) > manual text/local images and local text/manual images stay independent [3.30ms]
(pass) outbound worker lifecycle (fixture models, no live inference) > corrupt scene failure preserves other scenes and does not report completion [2.06ms]
(pass) outbound worker lifecycle (fixture models, no live inference) > provider authentication and invalid JSON fail without further model calls or fallback [0.36ms]
(pass) outbound worker lifecycle (fixture models, no live inference) > heartbeat lease loss aborts model inference and never uploads or finishes [5.54ms]
(pass) outbound worker lifecycle (fixture models, no live inference) > shutdown stops a model that ignores abort before it can save a late result [0.32ms]
(pass) outbound worker lifecycle (fixture models, no live inference) > polling survives lease loss during draft, late result=false [7.27ms]
(pass) outbound worker lifecycle (fixture models, no live inference) > polling survives lease loss during draft, late result=true [7.50ms]
(pass) outbound worker lifecycle (fixture models, no live inference) > polling survives lease loss during image, late result=false [6.91ms]
(pass) outbound worker lifecycle (fixture models, no live inference) > polling survives lease loss during image, late result=true [7.10ms]
(pass) outbound worker lifecycle (fixture models, no live inference) > a rejected draft checkpoint drops this lease and permits the next claim [2.05ms]
(pass) outbound worker lifecycle (fixture models, no live inference) > a rejected image checkpoint drops this lease and permits the next claim [2.37ms]
(pass) outbound worker lifecycle (fixture models, no live inference) > a rejected scene-error checkpoint drops this lease and permits the next claim [4.11ms]
(pass) outbound worker lifecycle (fixture models, no live inference) > a rejected finish checkpoint drops this lease and permits the next claim [4.10ms]
(pass) outbound worker lifecycle (fixture models, no live inference) > cancellation while reporting a provider failure still permits the next job [1.57ms]
(pass) outbound worker lifecycle (fixture models, no live inference) > concurrent lease loss does not turn an uncertain image delivery into permission to keep polling [5.81ms]
(pass) outbound worker lifecycle (fixture models, no live inference) > uncertain checkpoint is not retried and does not trigger model regeneration [0.78ms]
(pass) outbound worker lifecycle (fixture models, no live inference) > an unclassified draft delivery failure stops polling without another write or claim [0.20ms]
(pass) outbound worker lifecycle (fixture models, no live inference) > an unclassified image delivery failure stops polling without another write or claim [0.64ms]
(pass) outbound worker lifecycle (fixture models, no live inference) > an unclassified scene-error delivery failure stops polling without another write or claim [0.20ms]
(pass) outbound worker lifecycle (fixture models, no live inference) > an unclassified finish delivery failure stops polling without another write or claim [2.48ms]
(pass) outbound worker lifecycle (fixture models, no live inference) > concurrent runOnce calls are refused [0.11ms]
(pass) outbound worker lifecycle (fixture models, no live inference) > memory admission failure defers before claim [0.12ms]
(pass) worker credentials and actual HTTP boundaries > decoded image validation isolates corrupt scenes before the actual multipart transport [12.41ms]
(pass) worker credentials and actual HTTP boundaries > failed regeneration retains the old image and checkpoints the error consumed by an explicit retry [6.52ms]
(pass) worker credentials and actual HTTP boundaries > an uncertain actual image upload stops polling with no scene error, finish, or replay [4.84ms]
(pass) worker credentials and actual HTTP boundaries > accepts only the exact app HTTPS origin or literal loopback origin [0.06ms]
(pass) worker credentials and actual HTTP boundaries > credential file checks owner-only permissions, canonical bytes and symlinks [1.15ms]
(pass) worker credentials and actual HTTP boundaries > never follows redirects or retries authentication, rate limits and uncertain sends [36.35ms]
(pass) worker credentials and actual HTTP boundaries > real sockets carry auth only to the app and valid multipart pixels; MLX receives no token [28.48ms]

tests-unit/naver-map-view-helpers.test.ts:
(pass) naver map view helpers > expands map bounds by the requested padding [0.08ms]
(pass) naver map view helpers > detects restaurants inside the expanded viewport [0.03ms]
(pass) naver map view helpers > returns the first available category [0.01ms]
(pass) naver map view helpers > keeps only Seoul-proximate coordinates inside Seoul bounds [0.06ms]

tests-unit/admin-orchestration-handler-source.test.ts:
(pass) admin orchestration handler source contract (R9.6) > discovery is non-vacuous and includes the known orchestration handler [0.03ms]
(pass) admin orchestration handler source contract (R9.6) > every orchestration handler imports requireAdmin [0.03ms]
(pass) admin orchestration handler source contract (R9.6) > requireAdmin runs first and gates every exported orchestration handler [0.14ms]
(pass) admin orchestration handler source contract (R9.6) > every response error code is a bounded fixed-code token [0.10ms]
(pass) admin orchestration handler source contract (R9.6) > every numeric status literal is within the bounded status set [0.07ms]
(pass) admin orchestration handler source contract (R9.6) > caught errors are surfaced through the admin-safe bounded mapper [0.05ms]
(pass) admin orchestration handler source contract (R9.6) > handlers never embed raw error text or provider/DB detail in responses [0.11ms]

tests-unit/r2-public-url.test.ts:
(pass) r2 public url > accepts cloudflare-issued development origins [0.05ms]
(pass) r2 public url > accepts the verified production origin without admitting sibling hosts or credentials [0.02ms]
(pass) r2 public url > rejects invented hostnames and path traversal

tests-unit/restaurant-visit-count-source.test.ts:
(pass) restaurant visit count source contracts > keeps compact home-map restaurant queries hydrated for visit badges [0.07ms]

tests-unit/naver-map-selection-helpers.test.ts:
(pass) naver map selection helpers > detects changed selection ids [0.03ms]
(pass) naver map selection helpers > detects unchanged selection ids
(pass) naver map selection helpers > skips selected-marker style update when marker id is unchanged [0.03ms]
(pass) naver map selection helpers > updates only previous marker when selection is cleared
(pass) naver map selection helpers > updates previous and current marker when selection changes [0.01ms]
(pass) naver map selection helpers > requests parent sync when selected restaurant maps to a canonical display restaurant [0.04ms]
(pass) naver map selection helpers > does not request parent sync when selected restaurant is already canonical
(pass) naver map selection helpers > resets previous searched restaurant when no active search remains [0.03ms]
(pass) naver map selection helpers > uses matched canonical restaurant and asks parent selection to sync [0.05ms]
(pass) naver map selection helpers > skips repeated active search selection already handled [0.02ms]

tests-unit/admin-route-planner.test.ts:
(pass) admin route planner > calculates finite haversine distance for route scoring [0.05ms]
(pass) admin route planner > builds a coordinate-only multi-stop route with selected restaurant first [0.26ms]
(pass) admin route planner > flags walking routes that exceed realistic filming walking distance [0.03ms]
(pass) admin route planner > respects the operator-selected maximum stop count [0.03ms]
(pass) admin route planner > caps route requests at seven stops even when callers pass a larger limit [0.12ms]
(pass) admin route planner > applies bounded 2-opt without moving the selected anchor [0.04ms]
(pass) admin route planner > AHP assessment reaches the 98 gate only when road route and enough stops are present [0.10ms]
(pass) admin route planner > returns route candidates with readback metadata and selected anchor included [0.27ms]
(pass) admin route planner > expands a sparse bbox before falling back to k-nearest candidates [0.02ms]
(pass) admin route planner > does not report selected anchor included when requested anchor is absent [0.01ms]
(pass) admin route planner > builds Tzudong route export JSON and plain text with provider cache readback [0.09ms]

tests-unit/performance-monitor.test.ts:
(pass) performance monitor > records nothing while disabled [0.05ms]
(pass) performance monitor > reports zero for labels that were never measured
(pass) performance monitor > averages recorded measurements and keeps the last one [0.05ms]
(pass) performance monitor > resets a single label or every label [0.04ms]
(pass) performance monitor > survives more measurements than the retained window [0.10ms]
(pass) performance monitor > prints a report table while enabled and stays silent while disabled [0.06ms]
(pass) performance monitor > returns a clearable interval from startAutoReport [0.02ms]

tests-unit/performance-backlog-governance.test.ts:
(pass) performance backlog v2 governance contracts > uses the approved closed inventory, independent pins, and sanitized typed fixture seeds [0.87ms]
(pass) performance backlog v2 governance contracts > canonicalizes numeric-looking keys lexicographically and applies every comparator tie-break in order [0.18ms]
(pass) performance backlog v2 governance contracts > reserves the aggregate byte budget before an over-cap artifact can allocate [0.04ms]
(pass) performance backlog v2 governance contracts > normalizes only Windows verbatim prefixes while rejecting artifact aliases [0.06ms]
(pass) performance backlog v2 governance contracts > accepts alternate realpath spellings only for the same non-reparse directory identity [0.41ms]
(pass) performance backlog v2 governance contracts > rejects symlink or junction artifact roots and output parents [219.97ms]
(pass) performance backlog v2 governance contracts > independently scores and validates canonical protected artifacts deterministically [539.33ms]
(pass) performance backlog v2 governance contracts > fails both CLIs for derived fields, path aliases, and symlinked artifacts [2011.50ms]
(pass) performance backlog v2 governance contracts > rejects a wrong out-of-band map pin before parsing in both CLIs [324.89ms]
(pass) performance backlog v2 governance contracts > applies rank-cap admission deterministically for zero through four otherwise eligible rows [761.42ms]
(pass) performance backlog v2 governance contracts > keeps unavailable precedence, filtered observations, evidence, and health gates externally observable [3468.60ms]
(pass) performance backlog v2 governance contracts > treats unknown selectors as not-rankable, selector mismatches as fatal, and validates scorer tampering independently [1053.21ms]
(pass) performance backlog v2 governance contracts > rejects impossible not-rankable reasons before recomputation [422.42ms]
(pass) performance backlog v2 governance contracts > rejects schema-invalid admitted rank four and deferred rank one [896.73ms]
(pass) performance backlog v2 governance contracts > rejects duplicate item identities, noncanonical UTF-8/LF bytes, and missing map references [1691.18ms]
(pass) performance backlog v2 governance contracts > derives confidence boundaries, half-away bps, exact relative rejection, and score caps from integer receipts [2174.28ms]
(pass) performance backlog v2 governance contracts > checks scorer and validator states at the noise, confidence, and exact relative boundaries [692.71ms]
(pass) performance backlog v2 governance contracts > fails closed for embedded bindings, duplicate attestation identities, noncanonical maps, substitutions, and detached hashes [2776.21ms]
(pass) performance backlog v2 governance contracts > health incidents override unavailable, stale, and unknown-budget rows globally [251.19ms]
(pass) performance backlog v2 governance contracts > rejects independent embedded health, measurement, and manifest digest mismatches in scorer and validator [1198.60ms]
(pass) performance backlog v2 governance contracts > derives manifest risk and effort across every boundary mode and exact scope thresholds [118.05ms]
(pass) performance backlog v2 governance contracts > scores every impact, risk, and effort class with independently checked penalty arithmetic [36.49ms]
(pass) performance backlog v2 governance contracts > rejects unsafe manifest text and missing rollback verification references [7389.43ms]
(pass) performance backlog v2 governance contracts > counts each observation once regardless of complete multi-form attestations [22.62ms]
(pass) performance backlog v2 governance contracts > uses odd nearest-rank MAD, half-away ties, and zero-denominator excess in pure BigInt derivation [30.34ms]
(pass) performance backlog v2 governance contracts > rejects duplicate raw and measurement keys, extra map artifacts, invalid calendar dates, bounded oversized roles, and every pin substitution [4252.82ms]
(pass) performance backlog v2 governance contracts > enforces every direct artifact-size boundary through the protected CLIs [4003.00ms]
(pass) performance backlog v2 governance contracts > fails both protected CLIs when canonical schema-valid measurement receipts cross the 64 MiB aggregate cap [3590.26ms]
(pass) performance backlog v2 governance contracts > keeps a named noncritical P0-sized regression at P1 and pins independent capped score arithmetic [228.38ms]

tests-unit/release-mode.test.ts:
(pass) release mode flags > accepts only explicit true and 1 values [0.06ms]
(pass) release mode flags > readback contains only non-secret mode and capability flags [0.12ms]
(pass) release mode flags > restricted-mode matrix fails closed unless limited auth is explicitly allowed [0.09ms]

tests-unit/ocr-normalization.test.ts:
(pass) receipt OCR normalization > filters receipt metadata items and records field-level trust [0.32ms]
(pass) receipt OCR normalization > applies only high-trust restaurant canonical corrections [0.04ms]
(pass) OCR restaurant matching > scores close Korean OCR slips such as 시시린 versus 스시린 [0.13ms]
(pass) OCR restaurant matching > uses Korean receipt OCR confusions only for restaurant candidate scoring [0.04ms]
(pass) OCR restaurant matching > keeps restaurant lookup under a hard cap of three with short-circuiting [0.35ms]
(pass) receipt OCR gold scoring > separates raw store score from canonical normalized score [0.07ms]

tests-unit/restaurant-visit-matching-matcher.test.ts:
(pass) visited restaurant matcher > 맛집 자신의 id가 방문 집합에 있으면 후보 없이 방문으로 본다 [0.07ms]
(pass) visited restaurant matcher > 병합 레코드의 id가 방문 집합에 있으면 방문으로 본다 [0.02ms]
(pass) visited restaurant matcher > 주소와 이름이 모두 맞는 후보가 방문 집합에 있으면 방문으로 본다 [0.07ms]
(pass) visited restaurant matcher > 주소는 같아도 이름이 호환되지 않으면 방문으로 보지 않는다 [0.02ms]
(pass) visited restaurant matcher > 이름이 같아도 주소가 다르면 방문으로 보지 않는다 [0.01ms]
(pass) visited restaurant matcher > 주소 없는 맛집은 주소 없는 후보와만 맞춘다 [0.03ms]
(pass) visited restaurant matcher > 주소가 있는 맛집은 주소 없는 후보를 받지 않는다
(pass) visited restaurant matcher > 이름이 비어 있으면 주소만 맞으면 방문으로 본다 [0.02ms]
(pass) visited restaurant matcher > 후보 id가 방문 집합에 없으면 주소와 이름이 맞아도 방문으로 보지 않는다 [0.01ms]
(pass) visited restaurant matcher > 맛집이 null이거나 후보가 비면 방문으로 보지 않는다 [0.01ms]
(pass) visited restaurant matcher > 여러 후보 중 마지막 하나만 맞아도 방문으로 본다 [0.03ms]
(pass) visited restaurant matcher > 병합 레코드의 주소도 후보를 맞출 때 함께 본다 [0.02ms]
(pass) visited restaurant matcher > 같은 후보를 여러 번 물어도 판정이 바뀌지 않는다 [0.02ms]
(pass) visited restaurant matcher > 무작위 조합에서 선형 판정과 항상 같은 결과를 낸다 [3.02ms]
(pass) visited restaurant matcher > 색인 경로가 실제로 검사하는 후보 수가 선형 경로보다 훨씬 적다 [1.49ms]

tests-unit/privacy-retention.test.ts:
(pass) privacy retention runner > requires a bounded, nonfuture cutoff before making an RPC [0.18ms]
(pass) privacy retention runner > accepts a successful preview only with exact durable adapter and source bindings [0.50ms]
(pass) privacy retention runner > fails closed when the preview omits an approved adapter binding [0.06ms]
(pass) privacy retention runner > rejects label-shaped, uppercase, and extra preview bindings [0.08ms]
(pass) privacy retention runner > rejects noncanonical apply bindings before RPC execution [0.12ms]
(pass) privacy retention runner > returns a final authoritative receipt rather than treating apply as proof [0.20ms]
(pass) privacy retention runner > rejects malformed, mismatched, or request-side asserted final receipts [0.11ms]
(pass) privacy retention runner > requires canonical status, readback, and error-code combinations for final receipts [0.10ms]
(pass) privacy retention runner > rejects mismatched applied and partial receipt bindings before finalization [0.04ms]
(pass) privacy retention runner > rejects stale replay bindings before apply [0.04ms]
(pass) privacy retention runner > reads a stale idempotent replay from the final durable receipt without reapplying it [0.04ms]
(pass) privacy retention runner > returns partial final outcomes as retryable receipts without provider paths or claims [0.06ms]
(pass) privacy retention runner > runs database-only work without constructing a provider and returns its durable receipt [0.05ms]
(pass) privacy retention runner > fails closed without provider configuration when durable readback requires external evidence [0.04ms]
(pass) privacy retention runner > rejects an invalid provider before any provider egress [0.15ms]
(pass) privacy retention runner > rejects malformed external work before any provider egress [0.08ms]
(pass) privacy retention runner > does not leak provider diagnostics or accept PII-shaped receipt extensions [0.08ms]
(pass) privacy retention runner > consumes one bound locator, deletes its exact version, verifies absence, and records only proof [0.27ms]
(pass) privacy retention runner > a hold that wins before effect consume prevents provider deletion [0.04ms]
(pass) privacy retention runner > an effect-boundary hold is recorded truthfully after the one provider effect completes [0.09ms]
(pass) privacy retention runner > reconciles a crash after provider delete with verifier-only work and never deletes twice [0.13ms]
(pass) privacy retention internal route contract > keeps the server-only same-origin boundary, no-store responses, and fixed diagnostics [0.24ms]
(pass) privacy retention internal route contract > bounds capability-authorized retention JSON by declared and chunked UTF-8 bytes [0.13ms]
(pass) privacy retention no-op and audit retention source contract > closes fully scanned empty schedules with a canonical replayable receipt and separately approved audit class [0.77ms]

tests-unit/thumbnail-route-request-security.test.ts:
(pass) thumbnail route request security > uses canonical bounded JSON and a same-origin guard before provider or release work [0.23ms]
(pass) thumbnail route request security > canonicalizes complete static references before generation and rejects prefix, polyglot, decompression, and animation inputs [25.52ms]
(pass) thumbnail route request security > forwards only bounded user-authored history and drops forged privileged context [0.07ms]
(pass) thumbnail route request security > rejects wrong media types, malformed JSON, and declared or streamed bodies over each route limit [0.34ms]
(pass) thumbnail route request security > accepts normal payloads and JSON bodies exactly at the declared limit [0.65ms]

tests-unit/production-workflow-trust.test.ts:
(pass) production workflow trust boundaries > database migration apply is externally manifest-bound, canonical, and direct-credentialed [0.56ms]
(pass) production workflow trust boundaries > privacy retention is default-branch protected and step-scopes its capability [0.15ms]
(pass) production workflow trust boundaries > refresh and KPI writers isolate secrets behind protected default-branch jobs [0.60ms]
(pass) production workflow trust boundaries > crawler and backfill production lanes are branch constrained [0.40ms]
(pass) production workflow trust boundaries > all referenced third-party actions use immutable commit hashes [0.29ms]

tests-unit/visible-marker-review-bubble-photo.test.ts:
(pass) visible marker review bubble photo resolution > resolves a stored object path to the review-bound public URL [0.21ms]
(pass) visible marker review bubble photo resolution > uses the first usable path and ignores blank entries [0.14ms]
(pass) visible marker review bubble photo resolution > refuses a path that is not bound to the review owner [0.10ms]
(pass) visible marker review bubble photo resolution > returns null when there is no photo or no owner [0.01ms]

tests-unit/map-view-movement-helpers.test.ts:
(pass) map view movement helpers > detects when selected restaurant should be re-centered [0.01ms]
(pass) map view movement helpers > resolves lng shifted by half panel width [0.02ms]

tests-unit/browser-title.test.ts:
(pass) browser title helpers > keeps the page-first fallback title and site suffix contract [0.08ms]
(pass) browser title helpers > sanitizes labels without manual HTML escaping [0.02ms]
(pass) browser title helpers > truncates by code points and appends an ellipsis when over limit [0.02ms]
(pass) browser title helpers > builds scoped titles from sanitized nonblank labels before the suffix [0.04ms]
(pass) browser title helpers > adds explicit noindex metadata title and optional description without changing robots [0.03ms]
(pass) useDocumentTitle source contract > centralizes real document.title writes with race-safe cleanup [0.04ms]

tests-unit/search-count-privacy.test.ts:
(pass) search count privacy boundary > is a bounded no-op with no browser analytics transport or identifiers [0.03ms]

tests-unit/admin-profile-summaries.test.ts:
(pass) admin profile summary boundary > strictly parses exact, distinct UUID batches capped at 100 [0.17ms]
(pass) admin profile summary boundary > projects complete RPC readback to userId and nickname only [0.07ms]
(pass) admin profile summary boundary > uses at most four concurrent POST batches and preserves input order [7.89ms]
(pass) admin profile summary boundary > rejects the whole multi-batch read when any bounded batch fails [0.33ms]
(pass) admin profile summary boundary > normalizes a rejected fetch without preserving provider diagnostics [0.10ms]
(pass) admin profile summary boundary > keeps the route auth-first, fixed-response, no-store, and service-role contained [0.94ms]
(pass) admin profile summary boundary > removes direct profiles reads from every converted admin caller [0.52ms]
(pass) admin profile summary boundary > labels lookup failure separately from a missing deleted-account row [0.05ms]

tests-unit/supabase-migration-apply-source.test.ts:
(pass) reviewed Supabase migration apply contract > loads only the exact committed external manifest and rejects manifest drift [0.61ms]
(pass) reviewed Supabase migration apply contract > rejects duplicate manifest schema and duplicate migration identities [0.32ms]
(pass) reviewed Supabase migration apply contract > accepts only a manifest identity, never caller path or migration digest [0.37ms]
Supabase migration dry-run checked: restaurant_refresh_history
(pass) reviewed Supabase migration apply contract > keeps dry-run credential-free after external manifest and migration byte validation [0.52ms]
(pass) reviewed Supabase migration apply contract > rejects migration byte drift and symbolic checkouts before transport selection [0.38ms]
(pass) reviewed Supabase migration apply contract > distinguishes wrong prior state, already-applied state, and terminal readback drift [0.09ms]
(pass) reviewed Supabase migration apply contract > rejects management or service credentials alongside direct Postgres [0.07ms]
(pass) reviewed Supabase migration apply contract > requires a manifest-bound provider receipt before G016 terminal verification [0.45ms]

tests-unit/admin-user-management-source.test.ts:
(pass) admin user-management source contract > embeds user management as a URL-backed admin console module [0.71ms]
(pass) admin user-management source contract > keeps user-management UI Korean, guarded, and accessible [0.30ms]
(pass) admin user-management source contract > keeps admin user details explicit-selection only [0.09ms]
(pass) admin user-management source contract > keeps admin user APIs server-only and service-role contained [0.39ms]
(pass) admin user-management source contract > does not keep ad-hoc service-role helper scripts in the web package root [0.12ms]
(pass) admin user-management source contract > adds an admin audit trail migration with RLS read access for admins [0.27ms]
(pass) admin user-management source contract > persists per-admin sidebar ordering with RLS and explicit Data API grants [0.12ms]
(pass) admin user-management source contract > does not add a separate global shortcut outside the admin console [0.11ms]

tests-unit/review-save-submit.test.ts:
(pass) actual ReviewModal submit and Supabase adapter > saved cleanup owns its revision even after the current restaurant selection is cleared [78.21ms]
(pass) actual ReviewModal submit and Supabase adapter > known success writes pending review with canonical owner/review-bound photos [30.34ms]
(pass) actual ReviewModal submit and Supabase adapter > definite insert denial compensates and keeps input draft [31.36ms]
(pass) actual ReviewModal submit and Supabase adapter > lost commit reply reads by owner AND ID before reporting success [24.15ms]
(pass) actual ReviewModal submit and Supabase adapter > unavailable readback blocks duplicate write and leaves draft/photos intact [23.41ms]
(pass) actual ReviewModal submit and Supabase adapter > actual submit ref rejects same-tick double submit [23.05ms]
(pass) actual ReviewModal submit and Supabase adapter > changed input during submit is preserved after committed original draft [39.28ms]
(pass) actual ReviewModal submit and Supabase adapter > close during committed insert reports success and notifies consumers once [32.03ms]
(pass) actual ReviewModal submit and Supabase adapter > known commit completes scoped draft cleanup after unmounted without callbacks or photo removal [19.16ms]
(pass) actual ReviewModal submit and Supabase adapter > known commit completes scoped draft cleanup after different-owner without callbacks or photo removal [24.46ms]
(pass) actual ReviewModal submit and Supabase adapter > unmount with unanswered insert never clears its draft or saved photos [20.66ms]
(pass) actual ReviewModal submit and Supabase adapter > unmount during draft snapshot capture cannot dispatch a review write [28.40ms]
(pass) actual ReviewModal submit and Supabase adapter > close readback can discover earlier commit and notify consumers [32.17ms]
(pass) actual ReviewModal submit and Supabase adapter > callback failure never reports database failure or permits a duplicate retry [32.12ms]
(pass) actual ReviewModal submit and Supabase adapter > draft deletion failure offers cleanup retry with the original saved operation [44.70ms]
(pass) actual ReviewModal submit and Supabase adapter > recovery renders an accessible new-tab edit destination and disables every create control [16.48ms]
(pass) actual ReviewModal submit and Supabase adapter > actual close handler retains form and blocks close for unresolved write [28.58ms]
(pass) actual ReviewModal submit and Supabase adapter > actual edit handler still updates owned existing row and resets moderation [5.08ms]
(pass) actual draft handlers and IndexedDB deletion boundary > awaits in-flight autosave then prepared cleanup and suppresses late autosave [15.59ms]
(pass) actual draft handlers and IndexedDB deletion boundary > clearDraft reports deletion failure rather than acknowledging cleanup [4.83ms]
(pass) composer-owned draft revisions > pre-capture B saved at the same key survives A submit [49.32ms]
(pass) composer-owned draft revisions > fully compensated upload rejection refreshes same-composer autosave timestamp on retry [57.22ms]
(pass) composer-owned draft revisions > fully compensated insert rejection refreshes same-composer autosave timestamp on retry [58.70ms]
(pass) composer-owned draft revisions > no own revision cannot delete an existing row; restored revision can [88.70ms]
(pass) composer-owned draft revisions > absent owned row never authorizes a subsequently saved row [44.12ms]
(pass) composer-owned draft revisions > B timestamp-only replacement before capture survives [41.96ms]
(pass) composer-owned draft revisions > compensated retry cannot acquire B revision from the current IDB row [63.61ms]
(pass) composer-owned draft revisions > unknown-insert never refreshes to a later same-composer autosave [62.40ms]
(pass) composer-owned draft revisions > unanswered-upload never refreshes to a later same-composer autosave [54.42ms]
(pass) composer-owned draft revisions > known commit cleanup retry retains original revision after later autosave [56.74ms]
(pass) composer-owned draft revisions > capture IO failure blocks writes and retry uses only the remembered revision [61.09ms]
(pass) composer-owned draft revisions > scope mismatch cannot grant cleanup authority [44.67ms]
(pass) composer-owned draft revisions > late autoSave completion cannot restore old scope authority [48.22ms]
(pass) composer-owned draft revisions > late loadDraft completion cannot restore old scope authority [50.18ms]
(pass) composer-owned draft revisions > expired owned revision cannot block submit or acquire a fresh B row [53.70ms]

tests-unit/restaurant-visit-matching.test.ts:
(pass) restaurant visit matching > marks approved canonical restaurant as visited when review is attached to deleted duplicate [0.10ms]
(pass) restaurant visit matching > does not match same-name reviews at a different address [0.04ms]
(pass) restaurant visit matching > resolves a deleted reviewed restaurant back to its approved canonical card [0.09ms]

tests-unit/admin-console-uiux-source.test.ts:
(pass) admin console beginner-friendly UI/UX source contract > gates local storyboard generation by the provider for each action stage [0.36ms]
(pass) admin console beginner-friendly UI/UX source contract > fails fast on malformed admin/storyboard global CSS [2.22ms]
(pass) admin console beginner-friendly UI/UX source contract > keeps storyboard global CSS and component inline geometry in parity [2.26ms]
(pass) admin console beginner-friendly UI/UX source contract > keeps standalone output and inherited production env out of local Next dev mode [0.50ms]
(pass) admin console beginner-friendly UI/UX source contract > keeps admin module state URL-backed and easy to recover [0.77ms]
(pass) admin console beginner-friendly UI/UX source contract > keeps the G012 shared shell focus path, scroll owner, and containment explicit [1.84ms]
(pass) admin console beginner-friendly UI/UX source contract > aligns mobile admin menu state and KPI loading without desktop restyle [0.87ms]
(pass) admin console beginner-friendly UI/UX source contract > suppresses public popup chrome on admin routes in both app layouts [0.19ms]
(pass) admin console beginner-friendly UI/UX source contract > removes repeated beginner guidance cards from the admin console [0.87ms]
(pass) admin console beginner-friendly UI/UX source contract > uses the shared compact embedded module shell instead of canvas-level generic headers [0.72ms]
(pass) admin console beginner-friendly UI/UX source contract > keeps embedded insights loading and error states inside the shared compact shell [0.23ms]
(pass) admin console beginner-friendly UI/UX source contract > keeps announcement operations safer and accessible inside the console [0.16ms]
(pass) admin console beginner-friendly UI/UX source contract > keeps announcement read models shared while narrowing banner fetches [0.04ms]
(pass) admin console beginner-friendly UI/UX source contract > keeps the restaurant evaluation detail panel operator-focused and uncluttered [0.13ms]
(pass) admin console beginner-friendly UI/UX source contract > keeps route recommendation as a viewport-bounded two-pane map console [1.82ms]
(pass) admin console beginner-friendly UI/UX source contract > keeps all admin skeletons compact and layout-faithful [11.01ms]
(pass) admin console beginner-friendly UI/UX source contract > keeps overview reference widgets uncluttered and source-honest [52.55ms]
(pass) admin console beginner-friendly UI/UX source contract > keeps KPI PDF report export printable without unsafe HTML sinks [1.75ms]
(pass) admin console beginner-friendly UI/UX source contract > supports sub-day admin KPI dashboard periods in the insights source [0.19ms]
(pass) admin console beginner-friendly UI/UX source contract > keeps live YouTube KPI refresh behind an admin-only server route [0.13ms]
(pass) admin console beginner-friendly UI/UX source contract > keeps admin pending counts behind an admin-only server route [0.34ms]
(pass) admin console beginner-friendly UI/UX source contract > keeps admin system status center in a dedicated hook/component with fail-closed run_daily states [0.70ms]
(pass) admin console beginner-friendly UI/UX source contract > keeps YouTube channel statistics behind an admin-only server route [0.06ms]
(pass) admin console beginner-friendly UI/UX source contract > does not render an admin access gate for non-admin visitors [1.69ms]
(pass) admin console beginner-friendly UI/UX source contract > keeps unified admin console as the single operator shell [3.31ms]
(pass) admin console beginner-friendly UI/UX source contract > keeps admin console keyboard and screen-reader navigation intact [1.23ms]
(pass) admin console beginner-friendly UI/UX source contract > keeps announcement management out of the admin sidebar default order [0.83ms]
(pass) admin console beginner-friendly UI/UX source contract > adds YouTube thumbnail generation as a guarded Lab module [48.17ms]
(pass) admin console beginner-friendly UI/UX source contract > adds storyboard generation as an operator-controlled admin module [82.65ms]
(pass) admin console beginner-friendly UI/UX source contract > lets admins reorder the sidebar without polluting the two-pane map overview [17.69ms]
(pass) admin console beginner-friendly UI/UX source contract > cleans stale admin module query state and canonicalizes invalid modules [1.22ms]
(pass) admin console beginner-friendly UI/UX source contract > keeps route recommendation as only two source-honest map panes [0.83ms]
(pass) admin console beginner-friendly UI/UX source contract > restricts admin outbound links to canonical validated URLs [0.73ms]
(pass) admin console beginner-friendly UI/UX source contract > keeps selected marker detail as one thumbnail-first evidence card [0.28ms]
(pass) admin console beginner-friendly UI/UX source contract > removes repeated embedded module context headers from the admin canvas [0.91ms]
(pass) admin console beginner-friendly UI/UX source contract > keeps admin pages dense without sacrificing responsive boundaries [4.83ms]
(pass) admin console beginner-friendly UI/UX source contract > hardens risky admin submission and OCR actions with typed confirmations [1.12ms]
(pass) admin console beginner-friendly UI/UX source contract > surfaces restaurant recommendation requests as a guarded admin lane [1.30ms]
(pass) admin console beginner-friendly UI/UX source contract > guards legacy direct browser admin restaurant and review mutations [0.28ms]
(pass) admin console beginner-friendly UI/UX source contract > retires legacy browser admin evaluation mutations behind the explicit guard flag [0.32ms]
(pass) admin console beginner-friendly UI/UX source contract > excludes Python QA seeds from actual GPT Image 2 page history [1.46ms]
(pass) admin console beginner-friendly UI/UX source contract > keeps storyboard provider credentials in synchronously clearable component refs without Web Storage [3.44ms]
(pass) admin console beginner-friendly UI/UX source contract > exposes storyboard RAG trace and mid-stream steer contracts in chat [1.83ms]

tests-unit/naver-map-resize-plan-helpers.test.ts:
(pass) naver map resize plan helpers > skips when grid mode or user movement blocks recenter [0.08ms]
(pass) naver map resize plan helpers > skips when resize target says to keep current url-driven state [0.04ms]
(pass) naver map resize plan helpers > returns computed center when recentering should proceed [0.08ms]

tests-unit/naver-map-sidepanel-helpers.test.ts:
(pass) naver map sidepanel helpers > creates restaurant-bound action only when callback and restaurant exist [0.05ms]
(pass) naver map sidepanel helpers > builds review restaurant payload [0.02ms]
(pass) naver map sidepanel helpers > builds review success handler [0.04ms]
(pass) naver map sidepanel helpers > builds internal panel close/toggle handlers [0.03ms]
(pass) naver map sidepanel helpers > builds review open/close handlers [0.02ms]
(pass) naver map sidepanel helpers > builds detail panel capture handlers [0.03ms]
(pass) naver map sidepanel helpers > builds marker restaurant selection handler for internal and external modes [0.06ms]
(pass) naver map sidepanel helpers > plans immediate marker centering before React panel state catches up [0.05ms]
(pass) naver map sidepanel helpers > applies immediate marker centering through a single map mutation transaction [0.06ms]
(pass) naver map sidepanel helpers > skips deferred recenter only when immediate marker center already matches target layout [0.05ms]
(pass) naver map sidepanel helpers > decides when external state should close internal panel
(pass) naver map sidepanel helpers > closes internal panel only for escape in non-grid open state [0.01ms]

tests-unit/expanded-cluster-viewport.test.ts:
(pass) expanded cluster provider visibility without changing candidates > inclusive viewport boundaries and offscreen culling [0.07ms]
(pass) expanded cluster provider visibility without changing candidates > selected and searched IDs remain renderable outside the viewport [0.01ms]
(pass) expanded cluster provider visibility without changing candidates > unavailable projection or disabled culling keeps previous behavior
(pass) expanded cluster provider visibility without changing candidates > pan back and changed coordinates reevaluate without a stale cache [0.02ms]
(pass) expanded cluster provider visibility without changing candidates > large candidate input is unchanged, coordinates normalize before the predicate [0.61ms]

tests-unit/root-layout-local-runtime-contract.test.ts:
(pass) root layout local runtime and CSP nonce contract > binds the native parser viewport bootstrap to the proxy request nonce [0.07ms]
(pass) root layout local runtime and CSP nonce contract > keeps the local workspace banner outside the app tree [0.02ms]
(pass) root layout local runtime and CSP nonce contract > does not reserve viewport height for the removed local workspace banner [0.04ms]
(pass) root layout local runtime and CSP nonce contract > inlines only the hash-pinned source-controlled viewport bootstrap [0.08ms]
(pass) root layout local runtime and CSP nonce contract > keeps hosted hints in production but suppresses them in strict local runtime [0.08ms]
(pass) root layout local runtime and CSP nonce contract > rejects malformed and non-http Supabase preconnect targets [0.03ms]

tests-unit/review-save-operation.test.ts:
(pass) bounded review save operation (offline) > known success and unchanged retry write one row and photo set [0.27ms]
(pass) bounded review save operation (offline) > definite denial cleans uploads and retains ID and paths across five retries [0.29ms]
(pass) bounded review save operation (offline) > lost commit reply (returned) recovers without reupload or second insert [0.09ms]
(pass) bounded review save operation (offline) > lost commit reply (thrown) recovers without reupload or second insert [0.03ms]
(pass) bounded review save operation (offline) > failed readback blocks retry, replacement and cancellation without deleting committed photos [0.10ms]
(pass) bounded review save operation (offline) > thrown readback failure and subsequent empty read never prove rollback [0.18ms]
(pass) bounded review save operation (offline) > empty ambiguous read allows same-ID insert retry without reupload, but never cleanup/new ID [0.15ms]
(pass) bounded review save operation (offline) > a rejection on retry cannot erase an earlier unknown write [0.21ms]
(pass) bounded review save operation (offline) > changed draft (content) gets new ID after definite rejection cleanup [0.24ms]
(pass) bounded review save operation (offline) > changed draft (file) gets new ID after definite rejection cleanup [0.08ms]
(pass) bounded review save operation (offline) > changed draft after recovered commit never silently creates another review [0.15ms]
(pass) bounded review save operation (offline) > explicit partial rejection waits for late sibling upload before exact owned cleanup [0.20ms]
(pass) bounded review save operation (offline) > receipt upload denial does not start food uploads or insert [0.09ms]
(pass) bounded review save operation (offline) > cleanup failure blocks replacement and retains only the exact operation set [0.13ms]
(pass) bounded review save operation (offline) > remove success with failed storage readback retains cleanup obligation [0.23ms]
(pass) bounded review save operation (offline) > cancel during compression prevents storage and insert [0.10ms]
(pass) bounded review save operation (offline) > cancel during uploads waits for completion and cleans without insert [0.09ms]
(pass) bounded review save operation (offline) > cancel after insert dispatch preserves committed references [0.13ms]
(pass) bounded review save operation (offline) > owner transition prevents uploads, insert and cross-owner cleanup/retry [0.09ms]
(pass) bounded review save operation (offline) > mismatched row never authorizes success or cleanup [0.06ms]
(pass) bounded review save operation (offline) > no arbitrary photo cap is introduced [0.12ms]
(pass) bounded review save operation (offline) > invalid ownership is rejected before any storage mutation [0.06ms]

tests-unit/admin-storyboard-seed.test.ts:
(pass) admin storyboard shared production seed > ships the promoted 10-cut storyboard images through deployable seed paths [0.42ms]

tests-unit/user-submitted-marker-visibility.test.ts:
(pass) user-submitted marker visibility contract > classifies direct and merged user-submitted restaurants as the public user marker kind [0.09ms]
(pass) user-submitted marker visibility contract > keeps admin-only toggle state wired to map filtering and Korean accessible controls [0.57ms]
(pass) user-submitted marker visibility contract > keeps public home and map sources free of admin overlay/proposal endpoints [0.76ms]

tests-unit/admin-map-overlays.test.ts:
(pass) admin map overlays contract > parses bounded overlay query options [0.17ms]
(pass) admin map overlays contract > rejects invalid overlay query values [0.04ms]
(pass) admin map overlays contract > filters active overlay windows fail-closed [0.03ms]
(pass) admin map overlays contract > normalizes manual overlay authoring requests and hashes canonically [0.20ms]
(pass) admin map overlays contract > maps route actions and hashes payloads after RPC action mapping [0.08ms]
(pass) admin map overlays contract > rejects invalid manual overlay authoring inputs [0.05ms]
(pass) admin map overlays contract > admin route is guarded, no-store, and service-role only after requireAdmin [0.07ms]
(pass) admin map overlays contract > manual overlay authoring routes preserve admin, cache, mutation, and RPC boundaries [0.10ms]
(pass) admin map overlays contract > manual overlay audit migration and RPC stay service-role only and replay-safe [0.33ms]
(pass) admin map overlays contract > public home map surfaces do not fetch admin overlay contracts [0.42ms]

tests-unit/admin-users-mutation-scope.test.ts:
(pass) admin users mutation result scope contract > scopes mutation results by action and selected target [0.13ms]
(pass) admin users mutation result scope contract > preserves audit/readback metadata in scoped action messages [0.07ms]
(pass) admin users mutation result scope contract > binds each admin user mutation callsite to its isolated action [0.09ms]

tests-unit/cross-platform-web-tooling-source.test.ts:
(pass) cross-platform web command wrapper > routes mandatory environment-bearing scripts through one Node wrapper [0.32ms]
(pass) cross-platform web command wrapper > runs allowlisted local entrypoints with an inherited ESLint environment and literal arguments [0.42ms]
(pass) cross-platform web command wrapper > propagates child exit codes and signals without shell fixtures [0.09ms]
(pass) cross-platform web command wrapper > rejects unknown tools and forwards ESLint arguments without starting ESLint [15.02ms]
(pass) cross-platform web command wrapper > keeps release commands cross-platform and explicit [0.48ms]

tests-unit/admin-storyboard-request-security.test.ts:
(pass) admin storyboard mutation request security > puts the shared same-origin and bounded JSON gates ahead of all six JSON mutation surfaces [0.37ms]
(pass) admin storyboard mutation request security > requires strict RAG request shapes before embedding or database work [0.05ms]
(pass) admin storyboard mutation request security > origin-checks the bodyless job cancellation before it can update a job [0.04ms]
(pass) admin storyboard mutation request security > rejects cross-site, text/plain, oversized, and stalled requests while accepting canonical same-origin JSON [1002.99ms]

tests-unit/admin-storyboard-async-jobs-contract.test.ts:
(pass) admin storyboard async job control plane contract > legacy storyboard POST enqueues an async job instead of running heavy generation inline [0.49ms]
(pass) admin storyboard async job control plane contract > job routes expose create/list/status/cancel control-plane readback behind requireAdmin [0.24ms]
(pass) admin storyboard async job control plane contract > job store reports truthful queued/cancelled readiness without fake storyboard success [0.09ms]
(pass) admin storyboard async job control plane contract > migration stores storyboard jobs behind service-role-only RLS [0.39ms]
(pass) admin storyboard async job control plane contract > admin storyboard UI preserves async job readback and stage/provider hooks [2.59ms]

tests-unit/nightly-unit-failure-sites.test.ts:
(pass) bounded nightly unit failure source coordinates > keeps source coordinates and counts while dropping all raw error/title fields [83.94ms]
(pass) bounded nightly unit failure source coordinates > does not treat error text or CDATA as testcase markup [46.26ms]
(pass) bounded nightly unit failure source coordinates > rejects both exit/report mismatches before emitting a clean-looking diagnostic [294.37ms]
(pass) bounded nightly unit failure source coordinates > keeps every failure count and explicitly reports omitted sites above 64 [91.74ms]
(pass) bounded nightly unit failure source coordinates > rejects foreign source, entity expansion, inconsistent counts and invalid lines [313.03ms]
(pass) bounded nightly unit failure source coordinates > validates log coordinates again and refuses symlinks or unknown data fields [535.08ms]

tests-unit/supercluster-runtime-compatibility.test.ts:
(pass) Supercluster 9 application adapter compatibility > loads points, expands clusters and preserves individual point properties [2.13ms]
(pass) Supercluster 9 application adapter compatibility > accepts an empty index without manufacturing a cluster [0.04ms]

tests-unit/admin-storyboard-thinking-trace-source.test.ts:
(pass) admin storyboard thinking trace source contract > streams structured trace events from the storyboard chat route [0.13ms]
(pass) admin storyboard thinking trace source contract > renders a collapsible thinking timeline and keeps image generation steps in it [1.01ms]
(pass) admin storyboard thinking trace source contract > keeps the chat composer from showing stacked nested borders [0.62ms]
(pass) admin storyboard thinking trace source contract > keeps the glass shimmer skeleton available in both global style bundles [0.10ms]

tests-unit/dependency-freshness-workflow.test.ts:
(pass) Dependency_Freshness_Workflow governance contract > candidate B cannot inherit checks from candidate A or the default branch [0.54ms]
(pass) Dependency_Freshness_Workflow governance contract > enumerates exactly seven units including the cargo unit (design C2) [0.13ms]
(pass) Dependency_Freshness_Workflow governance contract > all seven units mirror the current dependabot.yml directories [0.03ms]
(pass) Dependency_Freshness_Workflow governance contract > targets develop only and never auto-merges [0.06ms]
(pass) Dependency_Freshness_Workflow governance contract > keeps at most five open candidates per unit [0.04ms]
(pass) Dependency_Freshness_Workflow governance contract > runs the four verification commands in apps/web [0.03ms]
(pass) Dependency_Freshness_Workflow governance contract > preserves the three dependabot holds and treats hold release as separate [0.03ms]
(pass) Dependency_Freshness_Workflow governance contract > exposes the four bounded fixed codes and references them in the workflow [0.01ms]
(pass) Dependency_Freshness_Workflow governance contract > schedules at least weekly with workflow_dispatch and records the run [0.02ms]
(pass) Dependency_Freshness_Workflow governance contract > reuses the Pin_Contract verifier and pins the rust toolchain three-digit [0.03ms]
(pass) Dependency_Freshness_Workflow governance contract > pins the current Node, npm, and Bun release authorities [0.02ms]
(pass) Dependency_Freshness_Workflow enforcement logic > governance invariants hold [0.02ms]
(pass) Dependency_Freshness_Workflow enforcement logic > rejects candidates that do not target develop [0.01ms]
(pass) Dependency_Freshness_Workflow enforcement logic > rejects Pin_Contract value changes
(pass) Dependency_Freshness_Workflow enforcement logic > rejects hold-range bumps but admits bumps below the threshold [0.16ms]
(pass) Dependency_Freshness_Workflow enforcement logic > classifies bump types [0.01ms]
(pass) Dependency_Freshness_Workflow enforcement logic > splits major bumps into standalone per-package candidates [0.11ms]
(pass) Dependency_Freshness_Workflow enforcement logic > marks verification failed on failure, timeout, or incomplete attachment [0.07ms]
(pass) Dependency_Freshness_Workflow enforcement logic > run receipt records UTC run time and per-unit candidate count [0.10ms]
(pass) Dependency_Freshness_Workflow enforcement logic > redacts Forbidden_Log_Field values from emitted text [0.02ms]

tests-unit/search-history-privacy.test.ts:
(pass) search history is account-partitioned, tab-scoped, bounded, and short-lived [0.04ms]

tests-unit/stylegallery-primitive-taxonomy.test.ts:
(pass) StyleGallery primitive taxonomy source contract > keeps Package A/G003 binding matrix primitives inside the canonical allowlist [0.10ms]
(pass) StyleGallery primitive taxonomy source contract > requires current G003 surfaces to expose static layout and scroll-owner source hooks [2.83ms]
(pass) StyleGallery primitive taxonomy source contract > fails on unknown data-layout-primitives tokens without requiring future hooks to exist [53.43ms]
(pass) StyleGallery primitive taxonomy source contract > G012 public map states declare one task-owned vertical scroll region [0.51ms]
(pass) StyleGallery primitive taxonomy source contract > G012 public map keeps the reel narrow and fixed controls shrink-safe and keyboard-safe [0.62ms]
(pass) StyleGallery primitive taxonomy source contract > G012 public map retains public boundaries and lazy map entry points [0.41ms]
(pass) StyleGallery primitive taxonomy source contract > requires approved owners for horizontal-scroll policy exceptions [0.21ms]
(pass) StyleGallery primitive taxonomy source contract > records the pinned clean-room adoption boundary [0.12ms]

tests-unit/mypage-mobile-cleanup-contract.test.ts:
(pass) mypage mobile cleanup source contracts > layout fills the viewport without duplicate return chrome [0.21ms]
(pass) mypage mobile cleanup source contracts > profile page keeps a quiet mobile-first action hierarchy without noisy duplicate chrome [2.21ms]
(pass) mypage mobile cleanup source contracts > profile dashboard keeps exactly one border around the whole surface [0.21ms]
(pass) mypage mobile cleanup source contracts > mobile loading keeps static mypage chrome and uses borderless dynamic skeletons [0.07ms]
(pass) mypage mobile cleanup source contracts > mypage sections share a calm responsive frame across desktop and mobile [0.49ms]
(pass) mypage mobile cleanup source contracts > profile photo controls are compact and not duplicated as a large mobile identity card [0.26ms]
(pass) mypage mobile cleanup source contracts > mobile icon-only mypage actions have labels and touch-sized targets [0.78ms]
(pass) mypage mobile cleanup source contracts > mypage list cards avoid cramped md columns and clipped card content [0.35ms]
(pass) mypage mobile cleanup source contracts > mypage desktop cards fill stretched rows and keep touch targets [0.13ms]

tests-unit/naver-map-panel-width-helpers.test.ts:
(pass) naver map panel width helpers > batches width updates via requestAnimationFrame and cancels previous frame [0.08ms]
(pass) naver map panel width helpers > cancels pending frame on cleanup [0.02ms]

tests-unit/map-hover-anchor.test.ts:
(pass) map hover anchor center adjustment > keeps hovered coordinate stable after zoom in [0.06ms]
(pass) map hover anchor center adjustment > keeps hovered coordinate stable after zoom out [0.02ms]
(pass) map hover anchor center adjustment > keeps hovered coordinate stable across repeated zoom in/out operations [0.03ms]

tests-unit/admin-storyboard-image-provider.test.ts:
(pass) admin storyboard image provider > canonicalizes only complete static 16:9 images and rejects malformed image containers [11.21ms]
(pass) admin storyboard image provider > uses the local Codex GPT Image 2 gate instead of mock image generation [0.50ms]
(pass) admin storyboard image provider > requires exact local-codex gpt-image-2 provenance before the client marks image generation ready [2.13ms]
(pass) admin storyboard image provider > builds a single-scene cut prompt that forbids internal storyboard sheets, real likenesses, and baked text [0.10ms]
(pass) admin storyboard image provider > changes the image role contract by CUT number so generated panels do not repeat the same food close-up [0.04ms]
(pass) admin storyboard image provider > strict-stops before executing the local Codex storyboard wrapper when exact provenance is unavailable [0.26ms]
(pass) admin storyboard image provider > executes the verified local Codex bridge and returns a trusted storyboard image [55.73ms]
(pass) admin storyboard image provider > fails closed when the local bridge proof does not bind its private output file [45.04ms]
(pass) admin storyboard image provider > uses an operation-scoped OpenAI API key only for one guarded, abortable request header [10.72ms]
(pass) admin storyboard image provider > fails closed on unallowlisted OpenAI image URLs without leaking provider URLs or tokens [0.68ms]
(pass) admin storyboard image provider > trusts only storyboard-panel GPT Image 2 metadata and strips thumbnail-like history images [0.36ms]

tests-unit/clustering-region-district.test.ts:
(pass) getRegionalClusters > 빈 목록은 빈 배열을 돌려준다 [0.10ms]
(pass) getRegionalClusters > 행정구역 키 순서대로 돌려주고 중심은 고정 중심 좌표를 쓴다 [0.13ms]
(pass) getRegionalClusters > 주소에 정식 명칭이 있으면 그 행정구역으로 묶는다 [0.02ms]
(pass) getRegionalClusters > 주소가 약어로 시작하면 정식 명칭으로 바꾼다 [0.02ms]
(pass) getRegionalClusters > 주소에서 행정구역을 못 찾으면 좌표상 가장 가까운 중심으로 묶는다 [0.06ms]
(pass) getRegionalClusters > 좌표가 없는 행정구역은 클러스터에서 빠진다 [0.02ms]
(pass) getRegionalClusters > restaurantIds 는 입력 순서를 유지한다 [0.02ms]
(pass) getRegionalClusters > 카테고리는 빈도 내림차순 상위 3개이고 동률은 먼저 나온 순서를 따른다 [0.03ms]
(pass) getSeoulDistrictClusters > 빈 목록은 빈 결과를 돌려준다 [0.09ms]
(pass) getSeoulDistrictClusters > 자치구 키 순서대로 돌려주고 중심은 소속 맛집들의 평균 좌표다 [0.05ms]
(pass) getSeoulDistrictClusters > 주소에 서울이 없으면 자치구 클러스터에서 빠진다 [0.01ms]
(pass) getSeoulDistrictClusters > 주소가 비어 있으면 자치구 클러스터에서 빠진다 [0.01ms]
(pass) getSeoulDistrictClusters > 주소에 구 이름이 없으면 좌표상 가장 가까운 구로 묶는다 [0.03ms]
(pass) getSeoulDistrictClusters > 좌표가 없는 맛집은 빠진다 [0.02ms]
(pass) getSeoulDistrictClusters > minClusterSize=1 은 맛집이 있는 구를 모두 클러스터로 돌려준다 [0.02ms]
(pass) getSeoulDistrictClusters > minClusterSize=3 은 3개 미만 구를 개별 마커로 내보낸다 [0.03ms]
(pass) clustering 캐시 동작 > 같은 목록을 다시 넘기면 같은 결과를 돌려준다 [0.20ms]
(pass) clustering 캐시 동작 > 맛집 필드를 제자리에서 바꾸면 결과가 따라 바뀐다 [0.10ms]
(pass) clustering 캐시 동작 > 목록에 항목을 추가하거나 제거하면 결과가 따라 바뀐다 [0.07ms]
(pass) clustering 캐시 동작 > 돌려준 restaurantIds 를 수정해도 다음 호출 결과가 오염되지 않는다 [0.05ms]
(pass) getDistance > 같은 좌표는 0 이고 3-4-5 삼각형을 따른다 [0.01ms]

tests-unit/next-image-config-security.test.ts:
(pass) Next image optimizer trust boundary > allows only purpose-scoped Supabase buckets and fixed image hosts [0.04ms]
(pass) Next image optimizer trust boundary > rejects malformed and non-Supabase origins instead of extracting a hostname [0.07ms]
(pass) Next image optimizer trust boundary > disables SVG and limits the local-IP exception to the declared local stack mode [0.01ms]
(pass) Next image optimizer trust boundary > enables the loopback optimizer exception only for the gated local stacks [0.02ms]

tests-unit/release-workflow-governance-source.test.ts:
(pass) release workflow governance source contracts > binds every benchmark lane to its checkout tree and exact external report [0.20ms]
(pass) release workflow governance source contracts > pins npm authority before every governed web npm install [0.04ms]
(pass) release workflow governance source contracts > rejects benchmark reports that are missing or bound to another lane [0.03ms]
(pass) release workflow governance source contracts > limits remote visual origins to an explicit exact project hostname [0.02ms]
(pass) release workflow governance source contracts > gates checks-write publication behind a protected-main non-secret environment [0.24ms]
(pass) release workflow governance source contracts > uses bounded immutable component fetches and validates the real artifact contracts [0.29ms]
(pass) release workflow governance source contracts > pins G009 visual signing and routes revocation reads with a publishable gateway key plus the scoped capability [0.08ms]
(pass) release workflow governance source contracts > dispatches a detached immutable manifest with identical trust inputs [0.23ms]
(pass) release workflow governance source contracts > rejects real visual, standalone-auth, and scored-backlog mutations [1.87ms]
(pass) release workflow governance source contracts > accepts GitHub Raw text/plain only without redirects and bounds injected responses [0.49ms]
(pass) release workflow governance source contracts > rejects GitHub Raw JSON MIME and stale or future evidence [0.09ms]
(pass) release workflow governance source contracts > rejects manifest identity overrides, escaped duplicate keys, and mismatched content-addressed URLs [0.22ms]
(pass) release workflow governance source contracts > rejects a moved main ref even when every remote tree is unchanged [0.05ms]
(pass) release workflow governance source contracts > fails closed on required workflow security invariants [0.95ms]
(pass) release workflow governance source contracts > retains the approved governance action and artifact contract [0.09ms]
(pass) release workflow governance source contracts > executes the injected verifier graph with provider-backed evidence [32.19ms]
(pass) release workflow governance source contracts > keeps protected final health secret-bearing and makes the publisher non-secret [1.00ms]

tests-unit/naver-map-center-helpers.test.ts:
(pass) naver map center helpers > applies horizontal offset scaled by zoom delta [0.12ms]
(pass) naver map center helpers > applies vertical offset and preserves target center when no zoom delta [0.03ms]

tests-unit/release-visual-runner-source.test.ts:
(pass) verifier identity is independently pinned and final signatures bind the exact G009 v3 payload [0.47ms]
(pass) assembly injection accepts only a separate test issuer and source fixtures retain no private PEM or compromised issuer pin [18.63ms]
(pass) bounded child timeout is distinct from a semantic validator rejection [102.91ms]
(pass) synthetic isolated cells fail closed when a frozen cell remains access blocked [2.76ms]
(pass) visual runner is one-cell, external, masked, recorder-free, and ESM-safe [0.22ms]
(pass) issuer binding hashes exact Git blob bytes and terminal checkout comparison rejects one-byte changes [154.49ms]
(pass) external issuer authenticates the non-stdio producer protocol without exposing its key [10.55ms]
(pass) assembler is create-only and binds exact sanitized verifier metadata [0.15ms]
(pass) standalone auth metadata-only cells assemble and verify without visual metadata translation [346.51ms]
(pass) assembler rejects duplicate, BOM, CR, and trailing JSON at its producer boundary [73.92ms]
(pass) standalone auth cells reject missing revocation [335.97ms]
(pass) standalone auth cells reject wrong reason [194.94ms]
(pass) standalone auth cells reject wrong auth cell [209.60ms]
(pass) standalone auth cells reject extra auth field [319.04ms]
(pass) standalone auth cells reject screenshot descriptor [341.60ms]
(pass) standalone auth cells reject visual-shaped auth metadata [17.36ms]
(pass) trusted auth receipt CLI, freshness, replay, and deployment boundaries fail closed [1585.92ms]
(pass) authenticated receipt channel nonce is consumed exactly once [166.79ms]
(pass) capture receipt CLI and detached receipt tampering fail closed [309.83ms]
(pass) assembler and verifier reject hostile PNG inputs within one bounded integration run [654.46ms]
(pass) reduced-motion mobile contracts reject every hostile invariant in assembly and verification [218.38ms]

tests-unit/naver-query-startup.test.ts:
(pass) Naver restaurant startup scheduling > starts on mount and reuses resolved data across SDK-driven rerenders [3.40ms]
(pass) Naver restaurant startup scheduling > retains the query error and supports explicit retry without SDK readiness [0.54ms]

tests-unit/restaurant-review-lookup-scan-order.test.ts:
(pass) restaurant review lookup 후보 스캔 순서 > 주소 게이트를 먼저 통과한 후보에만 이름 호환 검사를 실행한다 [0.25ms]
(pass) restaurant review lookup 후보 스캔 순서 > 같은 id 후보가 서로 다른 이름과 주소를 가지면 후보별로 판정한다 [0.18ms]
(pass) restaurant review lookup 후보 스캔 순서 > 주소가 겹치지 않으면 이름이 같아도 포함하지 않는다 [0.03ms]
(pass) restaurant review lookup 후보 스캔 순서 > 승인 식당 주소가 비면 주소 없는 후보만 붙는다 [0.03ms]
(pass) restaurant review lookup 후보 스캔 순서 > 병합 레코드 주소도 조회 주소 집합에 포함한다 [0.07ms]
(pass) restaurant review lookup 후보 스캔 순서 > 이미 직접 id로 포함된 후보는 다시 이름 검사하지 않는다 [0.02ms]
(pass) restaurant review lookup 후보 스캔 순서 > 후보 목록이 비었거나 배열이 아니면 카운터 없이 직접 id만 돌려준다 [0.02ms]
(pass) restaurant review lookup 후보 스캔 순서 > null과 id 없는 후보는 후보 방문 수에 포함하지 않는다 [0.03ms]
(pass) restaurant review lookup 후보 스캔 순서 > 무작위 입력에서 이전 구현과 결과가 항상 같다 [10.90ms]

tests-unit/browser-title-source.test.ts:
(pass) browser title source contracts > normalizes every approved static route title explicitly [1.11ms]
(pass) browser title source contracts > keeps route title policy explicit without a root metadata template [0.20ms]
(pass) browser title source contracts > wires dynamic titles through the shared hook and safe state labels [1.25ms]
(pass) browser title source contracts > centralizes real document.title assignments in the hook [31.46ms]

tests-unit/privacy-incident-workflow.test.ts:
(pass) privacy incident workflow contract > migration defines the exact fail-closed incident state chain [0.34ms]
(pass) privacy incident workflow contract > deadline is awareness-only and assessment signals remain human decision prompts [0.15ms]
(pass) privacy incident workflow contract > preview, exact confirmation, version, idempotency, independent readback, and audit are mandatory [0.21ms]
(pass) privacy incident workflow contract > idempotent transition replay returns the immutable operation readback after a later transition [0.39ms]
(pass) privacy incident workflow contract > notice receipt and closure cannot be advanced without named human records [0.11ms]
(pass) privacy incident workflow contract > incident tables and RPCs are service-role only while the API gates early with requireAdmin [0.25ms]
(pass) privacy incident workflow contract > bounds authorized incident JSON by declared and chunked UTF-8 bytes before shape validation [0.26ms]
(pass) privacy incident workflow contract > detection intake preserves auth-before-parser ordering and rejects filing, awareness, and raw-evidence claims [0.21ms]
(pass) privacy incident workflow contract > Korean operator UI distinguishes drafts, decisions, deadline, and unverified external receipts [0.63ms]
(pass) privacy incident workflow contract > server-derived deadline readback handles boundaries, terminal states, and invalid timestamps fail-closed [0.10ms]
(pass) privacy incident workflow contract > list contract sends one server timestamp and the UI fail-closes malformed deadline readback [0.15ms]
(pass) privacy incident workflow contract > deadline escalation is operational only and preserves human review prompts at 999/1000 and sensitive/intrusion boundaries [0.22ms]
(pass) privacy incident workflow contract > durable schema does not provide raw evidence, credential, RRN, or precise-location fields [0.15ms]

tests-unit/feed-query-state.test.ts:
(pass) public feed query state > keeps a failed first page distinct from a confirmed empty feed [0.06ms]

tests-unit/mobile-sheet-frame.test.ts:
(pass) mobile sheet frame presets > full form preset keeps long mobile forms locked to full height
(pass) mobile sheet frame presets > compact form preset keeps peek affordance for short flows
(pass) visual viewport keyboard offset > keeps sheets above an on-screen keyboard [0.02ms]
(pass) visual viewport keyboard offset > never returns a negative bottom offset
(pass) MobileSheetHeader > renders ids, child meta content, and action slot for accessible sticky headers [0.58ms]
(pass) MobileSheetHeader > uses the compact title treatment when compact mode is enabled [0.13ms]
(pass) MobileSheetStepIndicator > marks the current step and keeps the progress list labelled [0.31ms]

tests-unit/admin-workflow-request-security.test.ts:
(pass) admin workflow request security > all workflow mutations guard same-origin requests before bounded body reads or sensitive work [0.25ms]
(pass) admin workflow request security > the shared reader rejects wrong media types, declared or streamed oversize bodies, malformed JSON, and declaration mismatches [0.29ms]
(pass) admin workflow request security > the shared reader accepts exact valid bodies for every workflow boundary [0.17ms]

tests-unit/notification-consent.test.ts:
(pass) G010 notification consent contract > owner mark and delete mutations use exact RPC payloads and update local state after success [0.63ms]
(pass) G010 notification consent contract > owner mutation RPC failures leave local state unchanged and report bounded errors [0.19ms]
(pass) G010 notification consent contract > failed notification mutations never change local state as success [0.16ms]
(pass) G010 notification consent contract > schema makes transactional bypass explicit and marketing consent channel-bound [0.24ms]
(pass) G010 notification consent contract > campaign route durably claims an unknown attempt before synthetic provider egress and finalizes only its exact binding [2.41ms]
(pass) G010 notification consent contract > production marketing egress remains unavailable without a reviewed provider configuration [0.31ms]
(pass) G010 notification consent contract > private and mixed DNS answers are rejected before claim or egress [0.50ms]
(pass) G010 notification consent contract > ambiguous, redirected, slow, oversized, and malformed provider outcomes are bounded and never finalized or retried [2.85ms]
(pass) G010 notification consent contract > only stable failed provider evidence reaches the failure RPC and never the finalize RPC [0.55ms]
(pass) G010 notification consent contract > G014 state machine binds claims, immutable evidence, receipts, and service-only mutation [1.21ms]
(pass) G010 notification consent contract > SQL fixture covers consent withdrawal boundaries, email exception, and client denial [0.15ms]
(pass) G010 notification realtime truthfulness contract > marks every failed or unexpected subscription status as degraded without fabricating a notification [0.71ms]
(pass) G010 notification realtime truthfulness contract > uses bounded backoff and only clears degraded state after a subscribed server readback succeeds [0.25ms]
(pass) G010 notification realtime truthfulness contract > degrades and retries when client acquisition or first status never settles, then ignores late settlement [0.15ms]
(pass) G010 notification realtime truthfulness contract > uses exactly three 1s, 2s, 4s retries when subscribed readback never settles and cancels deadlines [0.14ms]
(pass) G010 notification realtime truthfulness contract > scopes a pending A readback to its channel so B reconnect can recover without late A settlement [0.08ms]
(pass) G010 notification realtime truthfulness contract > cancels retry and closes the owner channel for user switches and unmount cleanup [0.14ms]
(pass) G010 notification realtime truthfulness contract > provider exposes realtime degradation without leaving the visible snapshot loading [0.12ms]
(pass) G010 notification realtime truthfulness contract > reconciles readback with inserts after query start without duplicates, stale removals, or unread drift [0.24ms]
(pass) G010 notification realtime truthfulness contract > owner-tagged snapshots guard every deferred mutation result and unmount from stale success or failure state [0.19ms]
(pass) G010 notification realtime truthfulness contract > invalidates a timed-out provider readback A before B and rejects A late settlement [0.11ms]
(pass) G010 notification realtime truthfulness contract > keeps the newest overlapping provider load when it settles before the older request [0.04ms]
(pass) G010 notification realtime truthfulness contract > replays each successful mutation completed during an in-flight readback with exact unread state [0.16ms]
(pass) G010 notification realtime truthfulness contract > provider loads and reconciliation explicitly use request generations and mutation journals [0.15ms]
(pass) G010 notification realtime truthfulness contract > controlled acquisition and first-status deadlines end visible loading while keeping the initial load owner active [0.18ms]
(pass) G010 notification realtime truthfulness contract > controlled readback deadlines finish only their request as loading false and deny a timed-out late commit [0.11ms]
(pass) G010 notification realtime truthfulness contract > exhausted controlled 1s, 2s, 4s readback retries end context loading and leave degradation visible [0.10ms]

tests-unit/marker-pool.test.ts:
(pass) marker pool > exports the same singleton and creates one marker/listener for a new id [0.22ms]
(pass) marker pool > reuses an active marker and updates only changed map, position, icon, and click handler [0.19ms]
(pass) marker pool > releases after the fade delay and reuses the pooled marker for a new id [0.10ms]
(pass) marker pool > reclaims a fading marker instead of creating a second node [0.04ms]
(pass) marker pool > updates active markers and treats unknown ids as safe no-ops [0.06ms]
(pass) marker pool > a returning batch reuses its restaurant identities and updated click handlers without rebuilding icons [0.14ms]
(pass) marker pool > releaseExcept and releaseAll keep only the requested active ids before delayed cleanup [0.08ms]
(pass) marker pool > clear cancels a release that was already scheduled [0.03ms]
(pass) marker pool > clear leaves the pool empty for markers that were still active [0.01ms]
(pass) marker pool > keeps the category image when only the review bubble changes [0.41ms]
(pass) pool reuse and changed visit badges update static marker content even with the same image [0.25ms]
(pass) detached SDK clicks cannot dispatch stale data and reuse keeps one owned listener [0.09ms]
(pass) disposal stays bounded across cache capacity and repeated clear [1.43ms]

tests-unit/measure-dev-routes-source.test.ts:
(pass) measure-dev-routes source contract > fails closed on HTTP status failures unless explicitly overridden [0.06ms]
(pass) measure-dev-routes source contract > resolves the effective port before clearing and measuring its isolated Next cache [0.09ms]
(pass) measure-dev-routes source contract > retries transient dev-server failures and records retry metadata [0.04ms]
(pass) measure-dev-routes source contract > records repeated measurements with distribution summaries [0.04ms]
(pass) measure-dev-routes source contract > captures environment context for noisy local benchmarks [0.09ms]
(pass) measure-dev-routes source contract > keeps admin-first route ordering available for focused admin console benchmarks [0.07ms]

tests-unit/admin-user-management-guards.test.ts:
(pass) admin user-management guards > requires action-specific Korean confirmation phrases [0.05ms]
(pass) admin user-management guards > rejects mismatched confirmation phrases [0.06ms]
(pass) admin user-management guards > rejects multi-intent privileged mutations [0.01ms]
(pass) admin user-management guards > detects active Supabase ban windows [0.05ms]

tests-unit/standalone-static-source.test.ts:
(pass) standalone static sync source contract > start scripts copy static and public assets before launching standalone server [0.01ms]
(pass) standalone static sync source contract > sync script copies .next/static and public into the standalone app tree

tests-unit/bounded-json-depth.test.ts:
(pass) bounded JSON nesting > accepts ordinary JSON and the 64-container boundary [0.30ms]
(pass) bounded JSON nesting > rejects excessive object, array, and mixed nesting before stack exhaustion [0.26ms]
(pass) bounded JSON nesting > rejects empty, malformed, and escaped duplicate-member injection [0.10ms]

tests-unit/restaurant-search-global-scope-source.test.ts:
(pass) restaurant search global scope source contract > direct search ignores selected region while popular suggestions can remain regional [0.12ms]

tests-unit/supabase-gen-types-source.test.ts:
(pass) classifyGenTypesFailure is module-scoped for the gen-types catch [0.02ms]
(pass) local typegen prefers loopback postgres-meta over a Docker pg-meta sidecar [0.01ms]
(pass) partial pg-meta output cannot overwrite the previous generated types [354.38ms]

tests-unit/pencil-storyboard-manifest.test.ts:
(pass) Pencil storyboard manifest contract > accepts a generated route storyboard manifest with existing source and artifact files [1.77ms]
(pass) Pencil storyboard manifest contract > rejects unstable ids, missing source files, invalid viewports, and duplicate entries [0.91ms]
(pass) Pencil storyboard manifest contract > builds a deterministic drift fingerprint from source, viewport, and screenshot hashes [0.18ms]

tests-unit/home-map-mode-filter.test.ts:
(pass) home map mode filter > 이전 구현과 같은 목록을 같은 순서와 같은 객체 정체성으로 돌려준다 [10.09ms]
(pass) home map mode filter > 빈 목록과 빈 주소는 안전하게 처리한다 [0.11ms]
(pass) home map mode filter > 주소 키워드 판정은 대소문자를 구분하지 않는다 [0.04ms]
(pass) home map mode filter > 주소에 해외 키워드가 있으면 국내 좌표여도 국내 목록에서 빠진다 [0.17ms]
(pass) home map mode filter > 좌표 판정은 경계값과 숫자가 아닌 값을 이전 구현과 같게 본다 [0.11ms]
(pass) home map mode filter > 국가 키워드는 알려진 국가에서만 만들어진다 [0.02ms]
(pass) home map mode filter > 주소 문자열 캐시는 같은 객체를 제자리에서 고쳐도 새 값을 반영한다 [0.04ms]
(pass) home map mode filter > 모드 분류는 컴포넌트 밖 헬퍼를 쓰고 식당별 키워드 includes 루프를 남기지 않는다 [0.19ms]

tests-unit/home-root-lazy-boundary.test.ts:
(pass) home root runtime boundary > starts the real home map runtime directly on root and layers controls progressively [1.77ms]
(pass) home root runtime boundary > detects Supabase SSR auth session hints from cookies and localStorage [0.19ms]
(pass) home root runtime boundary > does not statically pull Vercel SpeedInsights into dev root layout [0.11ms]
(pass) home root runtime boundary > keeps optional tooltip primitives out of the global app provider graph [0.07ms]
(pass) home root runtime boundary > bypasses the desktop overlay in public demo mode [0.03ms]

tests-unit/dashboard-aggregation.test.ts:
(pass) dashboard aggregations > never advertises an overlong video token or a truncated detail link [0.57ms]
(pass) dashboard aggregations > selects current rows after array and link edits and returns an independently owned array [0.04ms]
(pass) dashboard aggregations > buildDashboardSummaryFromRows aggregates totals/categories/videos [0.28ms]
(pass) dashboard aggregations > keeps equal updated times in input order when paging restaurants [0.08ms]
(pass) dashboard aggregations > buildDashboardRestaurantsFromRows filters raw rows before paging and normalization [0.13ms]
(pass) dashboard aggregations > buildDashboardFunnelFromRows computes funnel counts and conversion [0.18ms]
(pass) dashboard aggregations > buildDashboardFailuresFromRows buckets reasons, rule false messages, and laaj gaps [0.23ms]
(pass) dashboard aggregations > buildDashboardQualityFromRows tallies quality metrics [0.18ms]
(pass) dashboard aggregations > selectDashboardRowsForVideoId keeps encounter order and rejects unsafe ids [0.13ms]

tests-unit/naver-map-cluster-helpers.test.ts:
(pass) naver map cluster helpers > computes the first zoom where rendered and quantized cluster modes are disabled [0.06ms]
(pass) naver map cluster helpers > computes regional cluster target zoom [0.04ms]
(pass) naver map cluster helpers > computes seoul district target zoom [0.02ms]
(pass) naver map cluster helpers > computes supercluster target zoom beyond the cluster render ceiling [0.02ms]
(pass) naver map cluster helpers > resolves island cluster viewport by region name or restaurant candidates [0.14ms]
(pass) naver map cluster helpers > builds fitBounds margins that leave room for mobile sheets and desktop panels [0.03ms]
(pass) naver map cluster helpers > quantizes supercluster zoom buckets in two-level steps
(pass) naver map cluster helpers > resolves bounds bbox or Korea fallback bbox for initial cluster load [0.03ms]
(pass) naver map cluster helpers > resolves update bbox from bounds before center fallback [0.05ms]
(pass) naver map cluster helpers > resolves update bbox from center when map bounds are unavailable [0.02ms]
(pass) naver map cluster helpers > skips cluster update when both bounds and center are unavailable
(pass) naver map cluster helpers > hides only seoul features in seoul district mode [0.02ms]

tests-unit/restaurant-review-counts-index.test.ts:
(pass) related verified review count index > 삭제 중복 레코드에 붙은 리뷰를 승인 카드에 합산한다 [0.19ms]
(pass) related verified review count index > 이름이 같아도 주소가 다르면 합산하지 않는다 [0.14ms]
(pass) related verified review count index > 병합 레코드의 리뷰도 합산한다 [0.08ms]
(pass) related verified review count index > 같은 id가 직접 id와 후보 양쪽에 있어도 한 번만 합산한다 [0.04ms]
(pass) related verified review count index > 주소 없는 맛집은 주소 없는 후보의 리뷰만 합산한다 [0.05ms]
(pass) related verified review count index > 이름이 비어 있으면 주소만 맞아도 합산한다 [0.04ms]
(pass) related verified review count index > 리뷰 행이 없으면 모두 0이다 [0.04ms]
(pass) related verified review count index > restaurant_id가 없는 리뷰 행은 어느 맛집에도 합산하지 않는다 [0.02ms]
(pass) related verified review count index > 무작위 조합에서 선형 집계와 항상 같은 값을 낸다 [10.01ms]
(pass) related verified review count index > 색인 경로가 실제로 검사하는 후보 수가 선형 경로보다 훨씬 적다 [16.57ms]

tests-unit/api-security-source.test.ts:
(pass) public API security source contracts > shorten verifies public review visibility through anon/RLS before service-role allocation [0.11ms]
(pass) public API security source contracts > health 503 diagnostics report only the bounded missing required environment names [0.12ms]
(pass) public API security source contracts > uses one bounded JSON reader for request bodies and keeps shorten request identity fail-closed [0.63ms]
(pass) public API security source contracts > shorten migration keeps rate ceilings shared, private, atomic, and fail-closed [0.58ms]
(pass) public API security source contracts > reserves shared admin provider budgets before every credentialed dispatch [0.58ms]
(pass) public API security source contracts > keeps credentialed Naver quota mutations on bounded same-origin POST routes [0.87ms]
(pass) public API security source contracts > keeps auth required feed redirects truthful and safe [0.12ms]
(pass) public API security source contracts > self account deletion delegates durable session-family cleanup before auth deletion [0.89ms]
(pass) public API security source contracts > hardens Supabase public API default grants and browser-callable admin RPCs [0.22ms]
(pass) public API security source contracts > keeps public table grants aligned to intentional read and authenticated mutation surfaces [0.20ms]
(pass) public API security source contracts > does not echo provider or database error details that could contain secrets [1.00ms]

tests-unit/design-contract-source.test.ts:
(pass) repo design contract source > docs/product/DESIGN.md contains the required durable design checklist sections [0.10ms]
(pass) repo design contract source > current admin/home UI surfaces use documented semantic typography tokens [0.94ms]
(pass) repo design contract source > public surface inventory contract exists as the slice-1 page matrix owner [0.06ms]

tests-unit/field-vitals-route.test.ts:
(pass) uses server release binding and sends only allowlisted aggregate coordinates [0.41ms]
(pass) rejects cross-origin, auth bypass, invalid bodies and oversize without RPC [0.13ms]
(pass) fails closed outside production and returns fixed provider failures [0.06ms]

tests-unit/ad-banner-carousel-helpers.test.ts:
(pass) ad banner carousel helpers > keeps only popup banners with poster media [0.05ms]
(pass) ad banner carousel helpers > adds edge clones for a seamless infinite loop [0.05ms]
(pass) ad banner carousel helpers > does not clone single-banner carousels [0.03ms]
(pass) ad banner carousel helpers > resolves invisible loop reset points after clone transitions [0.01ms]
(pass) ad banner carousel helpers > maps source indices to bounded real track indices [0.01ms]
(pass) ad banner carousel helpers > keeps rapid navigation targets inside loop slide bounds [0.02ms]

tests-unit/admin-submission-queue-safety.test.ts:
(pass) admin submission queue safety badges > reuses shared submission validation for missing required fields and invalid youtube links [0.34ms]
(pass) admin submission queue safety badges > does not require recommendation review text for edit queue items [0.04ms]
(pass) admin submission queue safety badges > marks duplicate candidates and missing pending items without mutating the queue [0.04ms]
(pass) admin submission queue safety badges > exposes fallback shared-validation reasons as a direct filter option
(pass) admin submission queue safety badges > exposes non-destructive source hooks for reason filters and badges [0.26ms]

tests-unit/image-tag-fixity.test.ts:
(pass) image tag fixity (Property 25) > generates a broad case set exceeding the 100-example floor
(pass) image tag fixity (Property 25) > a reference passes iff it is pinned to an exact tag or sha256 digest [1.03ms]
(pass) image tag fixity (Property 25) > the real observability compose image tags are all pinned [0.03ms]

tests-unit/header-actions-loading-source.test.ts:
(pass) header action loading source contract > desktop header action icons use independent skeleton slots instead of one grouped auth placeholder [0.15ms]
(pass) header action loading source contract > runtime layouts no longer mount the legacy global header on routed pages [0.08ms]
(pass) header action loading source contract > desktop map exposes a route-based user menu without opening the home panel [0.44ms]
(pass) header action loading source contract > desktop admin route keeps full-page console chrome instead of map overlay chrome [0.32ms]
(pass) header action loading source contract > account dropdown does not expose the announcement shortcut [0.05ms]
(pass) header action loading source contract > bookmark dropdown keeps its own list skeleton while bookmark data loads [0.03ms]

tests-unit/home-map-youtube-kpi.test.ts:
(pass) home map youtube KPI enrichment > collects direct, merged link, and merged restaurant video ids [0.10ms]
(pass) home map youtube KPI enrichment > chunks video ids so home KPI requests stay under the bounded POST limit [0.09ms]
(pass) home map youtube KPI enrichment > caps concurrent KPI chunk requests while preserving all chunks [0.97ms]
[home-map-youtube-kpi] metric chunk failed (home-youtube-kpi:503)
(pass) home map youtube KPI enrichment > preserves successful KPI chunks when another chunk fails [0.60ms]
(pass) home map youtube KPI enrichment > merges latest KPI metrics into metadata used by theme filters [0.10ms]
[home-map-youtube-kpi] metric chunk failed (home-youtube-kpi:503)
(pass) home map youtube KPI enrichment > returns the original restaurants when the KPI request fails [0.08ms]
[home-map-youtube-kpi] metric chunk failed (invalid-response)
(pass) home map youtube KPI enrichment > returns the original restaurants when the KPI response is invalid JSON [0.06ms]

tests-unit/popular-restaurant-score.test.ts:
(pass) popular restaurant composite score > ranks a multi-signal restaurant ahead of a search-only leader [0.54ms]
(pass) popular restaurant composite score > does not let a second copy of the same video double the view total [0.09ms]

tests-unit/admin-route-auth-contract.test.ts:
(pass) admin route auth source contract > keeps every admin route admin-gated directly or through an accepted route helper [8.00ms]
(pass) admin route auth source contract > orders admin auth before service-role work [8.12ms]
(pass) admin route auth source contract > keeps new guarded storyboard RAG auth contracts sanitized [0.14ms]
(pass) admin route auth source contract > keeps public home/map sources separated from admin overlay/proposal contracts [10.25ms]

tests-unit/storyboard-mlx-provider.test.ts:
(pass) local storyboard contracts > external providers require explicit consent independently of the other modality [0.34ms]
(pass) local storyboard contracts > allows mixed local MLX and manual ChatGPT/Grok providers without cloud AI [0.08ms]
(pass) local storyboard contracts > rejects missing models and scene count bounds [0.28ms]
(pass) local storyboard contracts > validates structure, sequential scene numbers and source ownership [0.39ms]
(pass) local storyboard contracts > rejects oversized prompts and unsupported dimensions [0.13ms]
(pass) loopback transport and real HTTP boundaries > records the connected socket rather than an intended destination [8.41ms]
(pass) loopback transport and real HTTP boundaries > cancellation during request preparation cannot start inference [3.35ms]
(pass) loopback transport and real HTTP boundaries > rejects DNS, credentials, proxy paths, remote IPs and redirect-shaped origins [0.08ms]
(pass) loopback transport and real HTTP boundaries > does not follow redirects or call a cloud host [3.39ms]
(pass) loopback transport and real HTTP boundaries > maps authentication, permission, quota and temporary failures [5.62ms]
(pass) loopback transport and real HTTP boundaries > limits streaming bytes and rejects non-JSON responses [6.03ms]
(pass) loopback transport and real HTTP boundaries > timeout and cancellation settle without waiting for a model response [35.20ms]
(pass) loopback transport and real HTTP boundaries > missing catalog models cannot trigger generation or remote fallback [4.78ms]
(pass) loopback transport and real HTTP boundaries > repairs a malformed draft once and records the actual response model [6.21ms]
(pass) provider-neutral private images > preserves decoded original and produces verified WebP derivatives [45.54ms]
(pass) provider-neutral private images > accepts static PNG/JPEG/WebP and does not upscale small images [11.49ms]
(pass) provider-neutral private images > rejects corrupt pixels, non-images and image URLs [9.97ms]

tests-unit/device-location-map.test.ts:
(pass) device location map helpers > normalizes compass headings into clockwise degrees [0.08ms]
(pass) device location map helpers > prefers iOS compass heading and converts absolute alpha fallback [0.12ms]
(pass) device location map helpers > normalizes moving geolocation heading only when available [0.02ms]
(pass) device location map helpers > labels the floating button by tap progression [0.03ms]
(pass) device location map helpers > focuses only when a locate request changes [0.05ms]
(pass) device location map helpers > clamps accuracy radius for map overlays [0.07ms]
(pass) device location map helpers > keeps device-location focus zoom at least the map minimum [0.05ms]
(pass) device location map helpers > builds a pure device-location render plan for marker effects [0.07ms]
(pass) device location map helpers > skips insignificant device-location jitter before it reaches React state [0.11ms]
(pass) device location map helpers > renders a direction marker only after heading mode has a heading [0.07ms]
(pass) device location map helpers > uses the bounded map radius for position-marker accuracy labels [0.14ms]

tests-unit/map-view-state-helpers.test.ts:
(pass) map view state helpers > builds bounds query from google map bounds [0.07ms]
(pass) map view state helpers > rejects invalid google map bounds instead of silently dropping query limits [0.09ms]
(pass) map view state helpers > finds updated selected restaurant by id [0.05ms]
(pass) map view state helpers > computes restaurant count toast visibility [0.01ms]

tests-unit/naver-map-target-helpers.test.ts:
(pass) naver map target helpers > prefers selected restaurant target and optional focus zoom [0.06ms]
(pass) naver map target helpers > skips movement when url coordinates are present and no restaurant is selected [0.02ms]
(pass) naver map target helpers > falls back to selected region or national config [0.03ms]

tests-unit/app-back-state-contract.test.ts:
(pass) app back navigation state contracts > draft-backed write flows persist the current form step with field data [0.44ms]
(pass) app back navigation state contracts > review edit drafts persist short-lived text state without browser-stored image files [0.16ms]
(pass) app back navigation state contracts > sign-out clears every user-scoped browser draft store [0.12ms]
(pass) app back navigation state contracts > visible home panels create back-stack entries while close actions canonicalize [0.24ms]
(pass) app back navigation state contracts > native app lifecycle scenarios are documented until Capacitor is introduced [0.34ms]

tests-unit/edit-restaurant-request-form.test.ts:
(pass) edit restaurant request form data > builds initial form data from the selected restaurant [0.08ms]
(pass) edit restaurant request form data > keeps every merged youtube record editable [0.09ms]

tests-unit/compare-dev-route-reports-source.test.ts:
(pass) compare-dev-route-reports source contract > compares median and p75 deltas with explicit regression gates [0.02ms]
(pass) compare-dev-route-reports source contract > fails closed on route regressions unless explicitly disabled [0.02ms]
(pass) compare-dev-route-reports source contract > is exposed as a package benchmark helper [0.07ms]

tests-unit/ocr-runtime-config.test.ts:
(pass) ocr runtime config > collects unique environment credentials in priority order [0.08ms]
(pass) ocr runtime config > returns no credentials for an empty environment [0.02ms]
(pass) ocr runtime config > falls back to a credential-free automatic configuration [0.26ms]
(pass) ocr runtime config > prefers the manual model ahead of the fallback chain [0.07ms]
(pass) ocr runtime config > ignores a blank manual model and unknown routing modes [0.14ms]
(pass) ocr runtime config > reads the legacy routing mode and model keys [0.06ms]

tests-unit/naver-map-init-helpers.test.ts:
(pass) naver map init helpers > adjusts zoom for mobile but not for national view [0.02ms]
(pass) naver map init helpers > parses z and legacy c url zoom state [0.08ms]
(pass) naver map init helpers > resolves region config and national flag [0.09ms]
(pass) naver map init helpers > resolves initial view from url state or region defaults [0.18ms]
(pass) naver map init helpers > resolves initial map view from search and region [0.08ms]
(pass) naver map init helpers > builds stable naver map options [0.03ms]
(pass) naver map init helpers > reuses existing map instance only when center, content, and size are valid [0.06ms]
(pass) naver map init helpers > resolves stale map cleanup state only when an instance exists [0.01ms]
(pass) naver map init helpers > resolves post-init debug exposure and URL initial-load flags [0.02ms]
(pass) naver map init helpers > schedules initial idle trigger only when map exists [0.04ms]

tests-unit/no-google-geocoding-api-source.test.ts:
(pass) Google geocoding API removal > removes frontend Google geocoding route and client geocoder helper [0.03ms]
(pass) Google geocoding API removal > admin forms no longer expose Google geocoding actions [0.35ms]
(pass) Google geocoding API removal > backend rule evaluation does not call Google Geocoding or Places APIs [0.32ms]
(pass) Google geocoding API removal > browser review scripts declare read-only, no-Google-API operation [0.42ms]

tests-unit/typecheck-benchmark-fixtures.test.ts:
(pass) process-tree RSS fixture core > win32 > short-lived-child [0.21ms]
(pass) process-tree RSS fixture core > win32 > non-root-pid-reused [0.01ms]
(pass) process-tree RSS fixture core > win32 > malformed-inaccessible-exited-child-records [0.01ms]
(pass) process-tree RSS fixture core > win32 > root-identity-reused
(pass) process-tree RSS fixture core > win32 > missing-root-identity
(pass) process-tree RSS fixture core > win32 > monotonic-gap-and-host-pressure
(pass) process-tree RSS fixture core > win32 > terminal-requires-three-clean-samples
(pass) process-tree RSS fixture core > win32 > root-access-failure-is-not-clean-exit
(pass) process-tree RSS fixture core > linux > short-lived-child
(pass) process-tree RSS fixture core > linux > non-root-pid-reused [0.01ms]
(pass) process-tree RSS fixture core > linux > malformed-inaccessible-exited-child-records [0.02ms]
(pass) process-tree RSS fixture core > linux > root-identity-reused
(pass) process-tree RSS fixture core > linux > missing-root-identity [0.01ms]
(pass) process-tree RSS fixture core > linux > monotonic-gap-and-host-pressure
(pass) process-tree RSS fixture core > linux > terminal-requires-three-clean-samples
(pass) process-tree RSS fixture core > linux > root-access-failure-is-not-clean-exit
(pass) cannot mark a clean sample set valid before terminal root disappearance is observed [0.15ms]
(pass) rejects a reused root identity before the first accepted sample [0.03ms]
(pass) collector errors remain invalid evidence and do not become terminal success [0.03ms]
(pass) parses only bounded Linux task children and rejects malformed records [0.14ms]
(pass) uses cumulative monotonic deadlines without snapshot-duration drift [0.03ms]
(pass) summary aggregates are derived from every accepted raw sample [0.09ms]

tests-unit/home-map-user-preferences.test.ts:
(pass) home map user preferences > keeps map and side-panel layout preferences scoped per account [0.26ms]
(pass) home map user preferences > hydrates the last panel side before account auth finishes [0.06ms]
(pass) home map user preferences > normalizes unsafe or stale preference payloads back to safe defaults

tests-unit/lazy-map-boundaries.test.ts:
(pass) lazy map panel boundaries > keeps the restaurant detail panel behind the on-demand Naver map loader [0.09ms]
(pass) lazy map panel boundaries > defers the panel stylesheet together with the barrel it re-exports [0.04ms]
(pass) lazy map panel boundaries > loads the review modal module used by the on-demand Naver map review modal [60.47ms]

tests-unit/lazy-overlay-boundaries.test.ts:
(pass) lazy overlay boundaries > loads named overlay target modules used by dynamic boundaries [55.31ms]
(pass) lazy overlay boundaries > keeps overlay-only modules behind top-level next dynamic boundaries [9.47ms]

tests-unit/admin-submission-approval-state.test.ts:
(pass) submission approval state contract > blocks missing geocode selection and approval coordinates [0.34ms]
(pass) submission approval state contract > blocks when no pending item is selected for approval [0.02ms]
(pass) submission approval state contract > blocks when the submission has no pending items left to approve [0.02ms]
(pass) submission approval state contract > blocks missing YouTube metadata for approved items [0.01ms]
(pass) submission approval state contract > blocks missing editable name and address [0.03ms]
(pass) submission approval state contract > blocks missing Naver local-search match [0.01ms]
(pass) submission approval state contract > force approve converts missing local-search match to an audit hint [0.02ms]
(pass) submission approval state contract > blocks rejected and non-pending request states [0.02ms]
(pass) submission approval state contract > recommendation approvals require confirmation and skip item/geocode evidence [0.01ms]
(pass) submission approval state contract > allows all-clear approval when every evidence input is present [0.01ms]
(pass) submission approval state contract > submission approval audit notes preserve force and browser evidence provenance [0.43ms]

tests-unit/trend-direction-request-security.test.ts:
(pass) trend proposal and directions request security > uses bounded readers with schema-derived caps and fixed parser errors [0.42ms]
(pass) trend proposal and directions request security > checks the same-origin boundary after admin auth and before parsing or privileged work [0.28ms]
(pass) trend proposal and directions request security > rejects actual and declared over-limit bodies, wrong media types, and malformed JSON while accepting exact valid payloads [0.69ms]

tests-unit/hydrated-contact-email.test.tsx:
(pass) contact text hydration across HTML email rewriting > keeps SSR readable while leaving no visible address for an edge HTML rewrite [0.28ms]
(pass) contact text hydration across HTML email rewriting > has the same initial server markup for different configured contact values [0.12ms]

tests-unit/restaurant-review-counts-edges.test.ts:
(pass) related review count 빈 값/실패 처리 > 식당 목록이 비면 빈 맵을 돌려준다 [0.05ms]
(pass) related review count 빈 값/실패 처리 > 리뷰 행이 null이거나 비어 있어도 0으로 계산한다 [0.10ms]
(pass) related review count 빈 값/실패 처리 > restaurant_id가 없는 리뷰 행은 어느 식당에도 합산하지 않는다 [0.02ms]
(pass) related review count 빈 값/실패 처리 > 같은 식당에 달린 여러 리뷰를 합산한다 [0.03ms]
(pass) related review count 빈 값/실패 처리 > 후보 목록에 없는 리뷰는 합산하지 않는다

tests-unit/restaurant-outbound-url-security.test.ts:
(pass) restaurant outbound URL security > rejects arbitrary-host YouTube inputs instead of creating canonical links [0.05ms]
(pass) restaurant outbound URL security > rejects invalid coordinates so no provider destination is available [0.20ms]
(pass) restaurant outbound URL security > rejects control characters, blank names, and oversized names [0.03ms]
(pass) restaurant outbound URL security > uses only fixed origins, paths, and allowlisted encoded query parameters [0.10ms]
(pass) restaurant outbound URL security > omits invalid YouTube and direction actions from the restaurant panel source [0.18ms]

tests-unit/edit-restaurant-request-flow.test.ts:
(pass) edit restaurant request flow validation > validates basic info before moving past step 1 [0.04ms]
(pass) edit restaurant request flow validation > validates youtube review links before moving past step 2 [0.02ms]
(pass) edit restaurant request flow validation > accepts a complete three-step edit request [0.02ms]
(pass) edit restaurant request flow validation > allows closure reports to skip all edit-only basic fields [0.02ms]
(pass) edit restaurant request flow validation > adds an admin-visible closure note only for closure reports [0.02ms]
(pass) edit restaurant request flow validation > explains relocation edits and no-input closure reports [0.02ms]

tests-unit/local-naver-map-stub.test.ts:
(pass) local national-to-Seoul cluster expansion keeps seeded restaurants inside the desktop map [0.62ms]
(pass) local projection round-trips coordinates without moving its visual center [0.32ms]

tests-unit/review-upload-uncertainty.test.ts:
(pass) independent late Storage upload uncertainty (offline) > known success and unchanged retry allocate, prepare and insert exactly once [0.51ms]
(pass) independent late Storage upload uncertainty (offline) > receipt late commit after returned failure and settled cancellation stays retained [0.34ms]
(pass) independent late Storage upload uncertainty (offline) > receipt late commit after returned failure and in-flight cancellation stays retained [0.05ms]
(pass) independent late Storage upload uncertainty (offline) > receipt late commit after thrown failure and settled cancellation stays retained [0.04ms]
(pass) independent late Storage upload uncertainty (offline) > receipt late commit after thrown failure and in-flight cancellation stays retained [0.03ms]
(pass) independent late Storage upload uncertainty (offline) > parallel food returned failure keeps late sibling and original server commit owned [0.21ms]
(pass) independent late Storage upload uncertainty (offline) > parallel food thrown failure keeps late sibling and original server commit owned [0.04ms]
(pass) independent late Storage upload uncertainty (offline) > explicit status=400 with no earlier uncertainty permits cleanup and replacement [0.16ms]
(pass) independent late Storage upload uncertainty (offline) > explicit statusCode=400 with no earlier uncertainty permits cleanup and replacement [0.04ms]
(pass) independent late Storage upload uncertainty (offline) > explicit status=401 with no earlier uncertainty permits cleanup and replacement [0.03ms]
(pass) independent late Storage upload uncertainty (offline) > explicit statusCode=401 with no earlier uncertainty permits cleanup and replacement [0.02ms]
(pass) independent late Storage upload uncertainty (offline) > explicit status=403 with no earlier uncertainty permits cleanup and replacement [0.05ms]
(pass) independent late Storage upload uncertainty (offline) > explicit statusCode=403 with no earlier uncertainty permits cleanup and replacement [0.02ms]
(pass) independent late Storage upload uncertainty (offline) > explicit status=413 with no earlier uncertainty permits cleanup and replacement [0.07ms]
(pass) independent late Storage upload uncertainty (offline) > explicit statusCode=413 with no earlier uncertainty permits cleanup and replacement [0.13ms]
(pass) independent late Storage upload uncertainty (offline) > explicit status=415 with no earlier uncertainty permits cleanup and replacement [0.05ms]
(pass) independent late Storage upload uncertainty (offline) > explicit statusCode=415 with no earlier uncertainty permits cleanup and replacement [0.04ms]
(pass) independent late Storage upload uncertainty (offline) > explicit status=422 with no earlier uncertainty permits cleanup and replacement [0.03ms]
(pass) independent late Storage upload uncertainty (offline) > explicit statusCode=422 with no earlier uncertainty permits cleanup and replacement [0.02ms]
(pass) independent late Storage upload uncertainty (offline) > non-definite upload error {"status":409} never authorizes cleanup [0.08ms]
(pass) independent late Storage upload uncertainty (offline) > non-definite upload error {"statusCode":"409"} never authorizes cleanup [0.02ms]
(pass) independent late Storage upload uncertainty (offline) > non-definite upload error {"status":500} never authorizes cleanup [0.01ms]
(pass) independent late Storage upload uncertainty (offline) > non-definite upload error {"statusCode":"503"} never authorizes cleanup [0.01ms]
(pass) independent late Storage upload uncertainty (offline) > non-definite upload error {"code":"transport"} never authorizes cleanup [0.01ms]
(pass) independent late Storage upload uncertainty (offline) > non-definite upload error {} never authorizes cleanup
(pass) independent late Storage upload uncertainty (offline) > SQL-looking code without a Storage HTTP outcome cannot prove rollback [0.06ms]
(pass) independent late Storage upload uncertainty (offline) > upload rejection {"statusCode":"400"} on retry cannot erase an earlier unanswered receipt [0.19ms]
(pass) independent late Storage upload uncertainty (offline) > upload rejection {"statusCode":"401"} on retry cannot erase an earlier unanswered receipt [0.10ms]
(pass) independent late Storage upload uncertainty (offline) > upload rejection {"statusCode":"403"} on retry cannot erase an earlier unanswered receipt [0.06ms]
(pass) independent late Storage upload uncertainty (offline) > upload rejection {"statusCode":"413"} on retry cannot erase an earlier unanswered receipt [0.06ms]
(pass) independent late Storage upload uncertainty (offline) > upload rejection {"statusCode":"415"} on retry cannot erase an earlier unanswered receipt [0.02ms]
(pass) independent late Storage upload uncertainty (offline) > upload rejection {"statusCode":"422"} on retry cannot erase an earlier unanswered receipt [0.02ms]
(pass) independent late Storage upload uncertainty (offline) > upload rejection {"code":"42501"} on retry cannot erase an earlier unanswered receipt [0.01ms]
(pass) independent late Storage upload uncertainty (offline) > upload rejection {"status":503,"code":"42501"} on retry cannot erase an earlier unanswered receipt [0.02ms]
(pass) independent late Storage upload uncertainty (offline) > upload rejection {"statusCode":"409","code":"23514"} on retry cannot erase an earlier unanswered receipt [0.02ms]
(pass) independent late Storage upload uncertainty (offline) > affirmative metadata recovers late receipt on original ID without reupload [0.13ms]
(pass) independent late Storage upload uncertainty (offline) > affirmative metadata recovers late food on original ID without reupload [0.10ms]
(pass) independent late Storage upload uncertainty (offline) > success on same-path retry before original commit may finalize one matching review [0.12ms]
(pass) independent late Storage upload uncertainty (offline) > metadata plus definite insert rejection must retain earlier upload uncertainty [0.24ms]
(pass) independent late Storage upload uncertainty (offline) > retry-success plus definite insert rejection must retain earlier upload uncertainty [0.04ms]
(pass) independent late Storage upload uncertainty (offline) > ordinary insert rejection without unanswered upload remains safely retryable on identical paths [0.10ms]
(pass) independent late Storage upload uncertainty (offline) > metadata missing cannot certify availability or release upload uncertainty [0.15ms]
(pass) independent late Storage upload uncertainty (offline) > metadata size-mismatch cannot certify availability or release upload uncertainty [0.02ms]
(pass) independent late Storage upload uncertainty (offline) > metadata mime-mismatch cannot certify availability or release upload uncertainty [0.07ms]
(pass) independent late Storage upload uncertainty (offline) > metadata size-missing cannot certify availability or release upload uncertainty [0.02ms]
(pass) independent late Storage upload uncertainty (offline) > metadata mime-missing cannot certify availability or release upload uncertainty [0.02ms]
(pass) independent late Storage upload uncertainty (offline) > metadata denied cannot certify availability or release upload uncertainty [0.04ms]
(pass) independent late Storage upload uncertainty (offline) > metadata throws cannot certify availability or release upload uncertainty [0.04ms]
(pass) independent late Storage upload uncertainty (offline) > optional metadata verifier may be absent without making transport failure definite [0.09ms]
(pass) independent late Storage upload uncertainty (offline) > owner transition during receipt to signed-out blocks retry, replacement and cleanup [0.32ms]
(pass) independent late Storage upload uncertainty (offline) > owner transition during food to signed-out blocks retry, replacement and cleanup [0.32ms]
(pass) independent late Storage upload uncertainty (offline) > owner transition during receipt to other-owner blocks retry, replacement and cleanup [0.17ms]
(pass) independent late Storage upload uncertainty (offline) > owner transition during food to other-owner blocks retry, replacement and cleanup [0.17ms]
(pass) independent late Storage upload uncertainty (offline) > owner transition while affirmative metadata is pending prevents the next upload or insert [0.28ms]
(pass) independent late Storage upload uncertainty (offline) > matching saved review resolves uncertainty without cleanup and release permits a new operation [0.17ms]
(pass) independent late Storage upload uncertainty (offline) > mismatched saved row id cannot release unanswered uploads [0.18ms]
(pass) independent late Storage upload uncertainty (offline) > mismatched saved row owner cannot release unanswered uploads [0.05ms]
(pass) independent late Storage upload uncertainty (offline) > mismatched saved row restaurant cannot release unanswered uploads [0.03ms]
(pass) independent late Storage upload uncertainty (offline) > mismatched saved row receipt cannot release unanswered uploads [0.02ms]
(pass) independent late Storage upload uncertainty (offline) > mismatched saved row food cannot release unanswered uploads [0.06ms]
(pass) independent late Storage upload uncertainty (offline) > mismatched saved row food-order cannot release unanswered uploads [0.04ms]
(pass) independent late Storage upload uncertainty (offline) > owner transition during matching review readback never releases the old owner operation [0.17ms]
(pass) independent late Storage upload uncertainty (offline) > repeated absent metadata and rejected retries do not expire or cap the retained operation [0.69ms]
(pass) independent late Storage upload uncertainty (offline) > forty-eight food uploads start in parallel after receipt and complete without application timers [0.30ms]

tests-unit/category-utils.test.ts:
(pass) parseCategoryList > keeps array input order and drops non-string or blank entries [0.11ms]
(pass) parseCategoryList > trims array entries and removes duplicates while preserving first occurrence [0.01ms]
(pass) parseCategoryList > returns an empty list for empty, blank, or unsupported input [0.02ms]
(pass) parseCategoryList > parses a JSON array string [0.01ms]
(pass) parseCategoryList > falls back without throwing when bracket-shaped text is not valid JSON [0.04ms]
(pass) parseCategoryList > splits on comma, semicolon, newline, pipe, and slash delimiters [0.04ms]
(pass) parseCategoryList > splits on whitespace only after delimiter splitting finds nothing [0.01ms]
(pass) parseCategoryList > greedily recovers known categories packed without separators [0.09ms]
(pass) parseCategoryList > keeps the original text when packed text cannot be fully segmented [0.01ms]
(pass) parseCategoryList > treats a single known category as one entry
(pass) formatCategoryText > joins parsed categories with a comma [0.03ms]
(pass) formatCategoryText > uses a dash as the default fallback for empty input
(pass) formatCategoryText > honours a custom fallback [0.02ms]

tests-unit/overseas-region-filter.test.ts:
(pass) overseas country PostgREST filter > keeps ordinary keywords unchanged inside ilike terms [0.29ms]
(pass) overseas country PostgREST filter > removes parentheses from a parenthesized country label before it reaches or() [0.03ms]
(pass) overseas country PostgREST filter > returns null for an empty country, a non-string, or an unknown value [0.03ms]
(pass) overseas country PostgREST filter > escapes like wildcards and drops or() separators [0.04ms]

tests-unit/home-detail-route-state.test.ts:
(pass) home detail route state contracts > locks snapshot TTL and max size to the approved contract [0.20ms]
(pass) home detail route state contracts > canonical detail URL includes restaurant, mapMode, restore, optional z, and no legacy r [0.15ms]
(pass) home detail route state contracts > type guards accept only app-owned detail and list history state shapes [0.17ms]
(pass) home detail route state contracts > snapshot write/read enforces TTL and 8KB cap [0.69ms]
(pass) home detail route state contracts > dispatches failed restore instrumentation with reason metadata [0.10ms]

tests-unit/naver-map-provider-mode.test.ts:
(pass) Naver map provider mode > uses the deterministic stub for ordinary local and Playwright runtimes [0.03ms]
(pass) Naver map provider mode > pins the checked-in stub path when local mode wins over hostile inherited input [0.02ms]
(pass) Naver map provider mode > rewrites blocked style hosts only on admitted loopback hostnames [0.10ms]

tests-unit/admin-evaluation-latest-order.test.ts:
(pass) admin evaluation latest order > sorts by the visible date descending, using the video date before the insert time [0.20ms]
(pass) admin evaluation gap labels > names why a row has no review scores [0.02ms]

tests-unit/security-headers-source.test.ts:
(pass) content-security-policy image source boundary > uses canonical purpose-scoped origins instead of a scheme-wide HTTPS source [0.26ms]
(pass) content-security-policy image source boundary > keeps data and blob image schemes only for verified local rendering paths [0.53ms]

tests-unit/expanded-cluster-flow-invariants.test.ts:
(pass) expanded cluster flow invariants > provider marker culling does not remove list or swipe candidates [0.78ms]
(pass) expanded cluster flow invariants > selected and searched offscreen restaurants remain provider exceptions [0.14ms]
(pass) expanded cluster flow invariants > pan to an empty viewport releases stale candidates and pan back restores the same ordered rows [0.90ms]
(pass) expanded cluster flow invariants > a refreshed array identity reindexes changed coordinates and changes the render signature [0.52ms]
(pass) expanded cluster flow invariants > empty viewport cleanup keeps an expanded selection renderable until expansion clears [0.01ms]
(pass) expanded cluster flow invariants > idle and resize invalidate expanded markers before scheduling the unchanged cluster debounce [0.36ms]
(pass) expanded cluster flow invariants > fast pan return restores culled markers without an away idle (cluster index: %s) [3.46ms]
(pass) expanded cluster flow invariants > fast pan return restores culled markers without an away idle (cluster index: %s) [1.32ms]
(pass) expanded cluster flow invariants > raw viewport changes invalidate only expanded markers (expanded: %s) [0.53ms]
(pass) expanded cluster flow invariants > raw viewport changes invalidate only expanded markers (expanded: %s) [0.12ms]
(pass) expanded cluster flow invariants > unchanged repeated idle keeps the marker signature while viewport revision invalidates it [0.27ms]

tests-unit/home-detail-stylesheet-ownership.test.ts:
(pass) home detail stylesheet ownership > the deferred-panel barrel is the single carrier of the detail stylesheet [0.12ms]
(pass) home detail stylesheet ownership > home-route panel modules load the panel through the barrel, not directly [4.31ms]
(pass) home detail stylesheet ownership > the detail Tailwind entry emits the utilities the panel depends on [306.20ms]

tests-unit/ocr-dataset-allowlist.test.ts:
(pass) receipt OCR external dataset allowlist > keeps all candidate raw datasets outside git and validates reviewed records [0.18ms]
(pass) receipt OCR external dataset allowlist > blocks placeholder Kaggle imports until exact license is reviewed [0.10ms]
(pass) receipt OCR external dataset allowlist > blocks manual-download datasets until access and license review are recorded as approved [0.02ms]

tests-unit/youtube-kpi-snapshot-contract.test.ts:
(pass) YouTube KPI snapshot collector contract > schedules a lightweight snapshot workflow every 15 minutes [0.31ms]
(pass) YouTube KPI snapshot collector contract > keeps snapshots service-role writable only [0.17ms]
(pass) YouTube KPI snapshot collector contract > admin KPI route can fall back from snapshots/live API to Supabase data for ALL [0.18ms]
(pass) YouTube KPI snapshot collector contract > defines copy-free KPI data quality and anomaly metadata contract [0.57ms]
(pass) YouTube KPI snapshot collector contract > builds machine-readable KPI quality metadata for clamps and outliers [0.72ms]
(pass) YouTube KPI snapshot collector contract > preprocesses missing metrics, duplicate videos, and IQR outliers [0.52ms]
(pass) YouTube KPI snapshot collector contract > builds comparison coverage from selected deduped videos [0.07ms]
(pass) YouTube KPI snapshot collector contract > distinguishes live no-comparison from snapshot comparison gaps [0.14ms]
(pass) YouTube KPI snapshot collector contract > admin channel KPI route exposes a single delta source for dashboard cards [0.67ms]
(pass) YouTube KPI snapshot collector contract > admin KPI dashboard exposes GitHub Actions collection logs [1.12ms]

tests-unit/review-draft-deletion-browser.test.ts:
(pass) captured draft deletion is atomic, scoped, retryable and protects replacement rows [4922.32ms]

tests-unit/admin-anycap-gpt-image-readiness.test.ts:
(pass) AnyCap gpt-image-2 readiness contract > returns ready only when AnyCap is authenticated and catalog includes exact gpt-image-2 [0.51ms]
(pass) AnyCap gpt-image-2 readiness contract > reports missing when AnyCap CLI is not available [0.20ms]
(pass) AnyCap gpt-image-2 readiness contract > preserves auth_required as a first-class status [0.04ms]
(pass) AnyCap gpt-image-2 readiness contract > rejects any configured/requested model other than exact gpt-image-2 [0.02ms]
(pass) AnyCap gpt-image-2 readiness contract > requires model catalog to include gpt-image-2 before ready [0.07ms]
(pass) AnyCap gpt-image-2 readiness contract > accepts plain-text model catalog output when it contains exact gpt-image-2 [0.06ms]
(pass) AnyCap gpt-image-2 readiness contract > redacts obvious secrets from trace snippets [0.06ms]
(pass) AnyCap readiness route/source invariants > admin route is node runtime, gated by requireAdmin, no-store, and returns sanitized readiness JSON [0.70ms]
(pass) AnyCap readiness route/source invariants > route source contains admin gate and no image generation/fallback path [0.06ms]
(pass) AnyCap readiness route/source invariants > CLI and package script expose readiness without fallback model [0.14ms]

tests-unit/youtube-link-helpers.test.ts:
(pass) YouTube link helpers > uses the same complete 6-to-128-character token in extraction and routing [0.24ms]
(pass) YouTube link helpers > classifies blank, padded, mixed-alphabet and unsafe ids without relaxing the route bound [0.04ms]
(pass) YouTube link helpers > extracts a video id from supported YouTube URLs [0.01ms]
(pass) YouTube link helpers > canonicalizes YouTube URLs to the watch format [0.02ms]
(pass) YouTube link helpers > preserves non-YouTube URLs as trimmed values
(pass) YouTube link helpers > builds high-quality thumbnail candidates before low-quality fallbacks [0.13ms]
(pass) YouTube link helpers > skips tiny YouTube placeholder images before the final fallback [0.02ms]
(pass) YouTube link helpers > checks original dimensions before rendering candidates through Next Image [0.24ms]

tests-unit/dependency-candidate-collection.test.ts:
(pass) real dependency candidate ingestion > PR preflight isolates other holds, missing metadata and aggregate limits [0.92ms]
(pass) real dependency candidate ingestion > derives a lockfile-only update from the merge base even after develop advances [0.45ms]
(pass) real dependency candidate ingestion > lockfile metadata cannot bypass holds or admit unbound and incomplete blobs [0.39ms]
(pass) real dependency candidate ingestion > missing or mismatched merge-base metadata cannot admit a lockfile candidate [0.18ms]
(pass) real dependency candidate ingestion > fetches Dependabot PR files and enforces hold and target on actual descriptors [0.17ms]
(pass) real dependency candidate ingestion > rejects pin changes, truncated metadata and excess open candidates [0.20ms]
(pass) real dependency candidate ingestion > real manifest version ranges cannot bypass held versions [0.15ms]
(pass) real dependency candidate ingestion > uses each ecosystem directory and refuses missing API pages [0.23ms]

tests-unit/deferred-marker-renders.test.ts:
(pass) tail starts after paint opportunity and completes in bounded ordered tasks [0.17ms]
(pass) new data/unmount cancellation drops stale work and completion [0.04ms]
(pass) provider failure releases task references and requests bounded recovery [0.06ms]

tests-unit/home-map-swipe-restaurants.test.ts:
(pass) home map swipe restaurant dedupe > matches the pairwise reference over randomized fixtures [7.23ms]
(pass) home map swipe restaurant dedupe > matches the reference when merged ids point backwards and forwards [0.12ms]
(pass) home map swipe restaurant dedupe > treats the same id as a duplicate and keeps the first occurrence [0.01ms]
(pass) home map swipe restaurant dedupe > drops a later restaurant that shares name and coordinates [0.02ms]
(pass) home map swipe restaurant dedupe > keeps restaurants with the same name but coordinates past the tolerance [0.01ms]
(pass) home map swipe restaurant dedupe > treats null, zero, and non-numeric coordinates as not comparable [0.02ms]
(pass) home map swipe restaurant dedupe > maps an empty list, a single row, and falsy rows without throwing [0.03ms]
(pass) home map swipe restaurant dedupe > isSameRestaurantForSwipe keeps the pairwise contract [0.04ms]
(pass) home map swipe restaurant dedupe > hasSameSwipeCoordinates is false when either coordinate is missing [0.01ms]

tests-unit/frontend-unused-route-compatibility.test.ts:
(pass) frontend unused route compatibility > keeps public submissions as a compatibility redirect and removes costs pages [0.23ms]
(pass) frontend unused route compatibility > moves admin submissions to the canonical evaluations view [2.00ms]
(pass) frontend unused route compatibility > prefetches canonical admin routes instead of retired submissions route [0.10ms]
(pass) frontend unused route compatibility > normalizes legacy and mixed admin query states without loops [0.14ms]
(pass) frontend unused route compatibility > keeps the unified admin console as the canonical embedded module hub [4.60ms]
(pass) frontend unused route compatibility > removes admin insight fallback while preserving public insights and global map [0.28ms]
(pass) frontend unused route compatibility > removes only zero-reference stale primitives and helpers [0.12ms]

tests-unit/use-restaurants-merge.test.ts:
(pass) buildRestaurantSelectFields > includes youtube_meta only for full or metadata-backed compact projections [0.08ms]
(pass) buildRestaurantSelectFields > includes source_type in compact and full projections for marker classification [0.03ms]
(pass) useRestaurants region queries > preserves every configured overseas query, source projection, filters and returned ID order [16.59ms]
(pass) useRestaurants region queries > sanitizes overseas keywords and skips terms that become empty without changing keyword order [10.73ms]
(pass) useRestaurants region queries > keeps empty keyword lists free of an empty OR or a country fallback [19.45ms]
(pass) useRestaurants region queries > builds each country filter once inside the callback and reuses its exact result [9.95ms]
(pass) useRestaurants region queries > preserves domestic island, ordinary, unknown and blank region boundaries [10.46ms]
(pass) mergeRestaurants > returns an empty list for empty input [0.10ms]
(pass) mergeRestaurants > projects a singleton with empty media, fallback address and deduplicated categories [0.21ms]
(pass) mergeRestaurants > preserves alias names and populated media without sorting singleton groups [0.20ms]
(pass) mergeRestaurants > keeps singleton and multi-row group order and sorts only the multi-row media [0.14ms]
(pass) mergeRestaurants > retains every member of a large already-connected address group [10.40ms]
(pass) mergeRestaurants > still joins similar names and retains different names within one address [0.38ms]
(pass) mergeRestaurants > preserves first-seen group and member order with interleaved duplicates [0.09ms]
(pass) mergeRestaurants > merges a long same-name chain without exhausting the call stack [52.01ms]
(pass) mergeRestaurants > merges restaurants with same normalized name and address [0.33ms]
(pass) mergeRestaurants > keeps unique restaurants when name/address combination differs [0.09ms]
(pass) mergeRestaurants > preserves every merged youtube video and tzuyang review for the detail panel [0.14ms]
(pass) mergeRestaurants > restores merged videos and reviews when compact detail context has only merged ids [0.70ms]
(pass) mergeRestaurants > keeps compact detail context visible when full merge rows are unavailable [0.06ms]
(pass) mergeRestaurants > mergeRestaurants exposes merge performance counters when available [0.20ms]

tests-unit/admin-restaurant-destructive-action.test.ts:
(pass) admin restaurant destructive action contract > accepts a typed, reasoned primary soft delete request [0.11ms]
(pass) admin restaurant destructive action contract > rejects invalid destructive action inputs before database mutation [0.04ms]
(pass) admin restaurant destructive action contract > keeps the restaurant destructive route server gated, audited, and read back [0.13ms]
(pass) admin restaurant destructive action contract > moves primary delete in the modal off browser Supabase mutation [0.17ms]
(pass) admin restaurant destructive action contract > adds a domain-specific service-role-only restaurant destructive audit migration [0.49ms]

tests-unit/admin-storyboard-agent-graph-fidelity.test.ts:
(pass) storyboard agent graph fidelity > keeps fallback/local adapter below the AHP 98 reference graph gate [0.13ms]
(pass) storyboard agent graph fidelity > passes local adapter when it provides canonical reference graph evidence [0.11ms]
(pass) storyboard agent graph fidelity > passes only with canonical Supervisor/Researcher/Intern/Designer evidence [0.03ms]
(pass) storyboard agent graph fidelity > does not treat generic nodesVisited/toolsCalled as enough for reference graph fidelity [0.14ms]

tests-unit/dashboard-public-visibility-source.test.ts:
(pass) dashboard public Supabase visibility contracts > anon dashboard restaurant reads are explicitly approved-only [0.10ms]
(pass) dashboard public Supabase visibility contracts > restaurants Data API migration restricts browser reads to approved rows [0.16ms]
(pass) dashboard public Supabase visibility contracts > public dashboard endpoints use anon-scoped rows rather than service-role rows [0.17ms]
(pass) dashboard public Supabase visibility contracts > dashboard summary cache keeps anon row fallback and explicit rollback metadata [0.34ms]
(pass) dashboard public Supabase visibility contracts > client-side home/map restaurant visibility remains approved-only for parity [0.11ms]
(pass) dashboard public Supabase visibility contracts > public treemap endpoint uses anon-scoped reads instead of service-role reads [0.26ms]

tests-unit/admin-dashboard-widget-order.test.ts:
(pass) admin dashboard widget order normalization > keeps the KPI card default order stable [0.01ms]
(pass) admin dashboard widget order normalization > accepts both raw array and API-shaped stored values [0.10ms]
(pass) admin dashboard widget order normalization > drops unknown and duplicate IDs before filling missing defaults [0.01ms]
(pass) admin dashboard widget order normalization > keeps diagnosis as a semantic alias for the legacy engagementRate widget id [0.04ms]

tests-unit/trend-schema-provider-contract.test.ts:
(pass) Package E trend schema and provider source contracts > migration defines trend foundation tables, RLS, grants, constraints, indexes, and v1 job status [1.98ms]
(pass) Package E trend schema and provider source contracts > Supabase generated types expose matching Package E tables and v1 unions [0.64ms]
(pass) Package E trend schema and provider source contracts > Google CSE provider docs lock v1 provider, fail-soft states, allowlist, templates, and fixture policy [0.47ms]
(pass) Package E trend schema and provider source contracts > Google CSE allowlist fixture is bounded JSON metadata without raw page content [0.47ms]

tests-unit/overseas-map-helpers.test.ts:
(pass) overseas map helpers > returns configured country center
(pass) overseas map helpers > returns initial config or default center [0.02ms]
(pass) overseas map helpers > maps zoom to slider and back consistently [0.02ms]
(pass) overseas map helpers > returns category icon and falls back to default [0.04ms]
(pass) overseas map helpers > computes next wheel slider target with continuity [0.03ms]

tests-unit/privacy-schema-types-source.test.ts:
(pass) post-G014 browser Database source contract > excludes private retained state and replaced boolean acknowledgement RPCs [0.42ms]
(pass) post-G014 browser Database source contract > pins the final notification, deletion, and retention RPC identities [0.29ms]
(pass) post-G014 browser Database source contract > keeps the final catalog promotion gate fail closed [0.34ms]
(pass) post-G014 browser Database source contract > makes the applied deletion receipt a named database invariant and leaves schema reload to the final gate [0.69ms]

tests-unit/admin-directions-provider-security.test.ts:
(pass) admin Directions provider security > reserves the durable Naver Directions budget before credentialed dispatch and fails closed when unavailable or denied [0.08ms]
(pass) admin Directions provider security > rejects redirect credential forwarding and stalled provider calls with one bounded fetch policy [0.05ms]
(pass) admin Directions provider security > bounds streamed provider JSON before parsing and rejects oversized or malformed responses [0.11ms]
(pass) admin Directions provider security > allows only bounded request labels and route options while capping provider groups, candidates, and points [0.16ms]
(pass) admin Directions provider security > rejects extra, missing, and mistyped Directions fields before budget reservation or provider egress [1.65ms]
(pass) admin Directions provider security > keeps coordinate-only callers compatible and reports no fallback distance without an artifact [0.72ms]
(pass) admin Directions provider security > extends the canonical budget contract and immutable policy table only through the additive migration [0.07ms]

tests-unit/overseas-map-restaurant-helpers.test.ts:
(pass) overseas map restaurant helpers > merges searched restaurant only when missing [0.15ms]
(pass) overseas map restaurant helpers > keeps only the last restaurant for duplicate ids [0.05ms]

tests-unit/account-deletion-reauth-contract.test.ts:
(pass) G028 account deletion reauthentication UI contract > binds password session, self-only preview, proof, and seven-field apply in order [0.29ms]
(pass) G028 account deletion reauthentication UI contract > waits for durable GET readback before signout and browser cleanup [0.21ms]
(pass) G028 account deletion reauthentication UI contract > removes the modal deletion path and redirects to the canonical profile dialog [0.12ms]
(pass) G028 account deletion reauthentication UI contract > maps deletion guidance from stable reasonCode values, never localized server copy [0.18ms]

tests-unit/pin-contract.test.ts:
(pass) Pin_Contract authority invariant (Property 12) > generates a broad case set exceeding the 100-example floor per position [0.02ms]
(pass) Pin_Contract authority invariant (Property 12) > npm pin passes iff declaration and runtime both equal the exact fixed string [0.17ms]
(pass) Pin_Contract authority invariant (Property 12) > node pin passes iff engines is exactly 24.x and the runtime major is 24 [0.18ms]
(pass) Pin_Contract authority invariant (Property 12) > @typescript/native alias passes iff declared alias and resolved name+version are exact [0.18ms]
(pass) Pin_Contract authority invariant (Property 12) > compat bridge TypeScript passes iff declared alias and resolved name+version are exact [0.11ms]
(pass) Pin_Contract authority invariant (Property 12) > the verifier never mutates the npm-side release authority (source-contract) [0.22ms]
(pass) Pin_Contract authority invariant (Property 12) > the real tree's declared and resolved values match the fixed contract [2.25ms]

tests-unit/swipe-render-cache.test.ts:
(pass) swipe render cache correctness and capacity > invalidates search ordering when the same search id gets different merged ids [0.34ms]
(pass) swipe render cache correctness and capacity > invalidates ordering when the same search id gets a new name or coordinates [0.03ms]
(pass) swipe render cache correctness and capacity > detects an in-place edit of the active search merged ids [0.02ms]
(pass) swipe render cache correctness and capacity > recomputes the nearest fallback when search coordinates change with the same id [0.05ms]
(pass) swipe render cache correctness and capacity > recomputes fallback exclusion when the visible selection changes with the same id [0.04ms]
(pass) swipe render cache correctness and capacity > bounds ordering history to 64 searches per visible list [0.14ms]
(pass) swipe render cache correctness and capacity > bounds fallback history to 64 searches per catalog [0.41ms]
(pass) swipe render cache correctness and capacity > preserves the order within both matched and unmatched groups [0.17ms]
(pass) swipe render cache correctness and capacity > preserves empty, unavailable, invalid-coordinate and tie behavior [0.09ms]
(pass) swipe render cache correctness and capacity > matches an uncached reference across 2,000 deterministic selection changes [103.48ms]

tests-unit/dependency-install-compatibility.test.ts:
(pass) npm and Bun dependency installation compatibility > pins the fixed nanoid release in both release-authority lockfiles [4.54ms]
(pass) npm and Bun dependency installation compatibility > keeps minimatch 3 compatible with the security-pinned Bun graph [0.54ms]
(pass) npm and Bun dependency installation compatibility > excludes all three vulnerable brace-expansion ranges from both lockfiles [1.62ms]

tests-unit/nightly-profile-mutation-rpc-boundary.test.ts:
(pass) nightly current-profile mutation RPC boundary > accepts exact nickname and avatar CAS requests [0.32ms]
(pass) nightly current-profile mutation RPC boundary > rejects nickname validation and exact-key drift [0.10ms]
(pass) nightly current-profile mutation RPC boundary > accepts the full opaque expected-reference contract and rejects overflow [0.31ms]
(pass) nightly current-profile mutation RPC boundary > rejects origin, method, query, content-type, raw duplicate, and oversized body drift [0.06ms]
(pass) nightly current-profile mutation RPC boundary > accepts only exact POST preflight requests [0.09ms]
(pass) nightly current-profile mutation RPC boundary > rejects percent aliases and the direct profiles table boundary [0.04ms]

tests-unit/admin-restaurant-identity-warning.test.ts:
(pass) restaurant identity warnings > blocks provider candidates whose name contradicts the video-mentioned restaurant [0.45ms]
(pass) restaurant identity warnings > warns when a branch/location token is stripped from an otherwise compatible name [0.07ms]
(pass) restaurant identity warnings > warns active rows that match an already deleted same-video identity tombstone [0.07ms]
(pass) restaurant identity warnings > blocks address-only provider replacements even when visit evidence is positive [0.03ms]
(pass) restaurant identity warnings > allows manual approval name override when it matches the source identity [0.01ms]

tests-unit/admin-evaluation-name.test.ts:
(pass) getRuleBasedPassedNaverName > returns the top-level naver_name when rule-based location match passed [0.13ms]
(pass) getRuleBasedPassedNaverName > falls back to matched naver name when the top-level naver_name is missing [0.01ms]
(pass) getRuleBasedPassedNaverName > ignores naver_name when rule-based location match did not pass
(pass) getRuleBasedPassedNaverName > skips stale top-level naver_name and uses compatible matched provider name [0.05ms]
(pass) getAdminEvaluationDisplayName > prefers approved_name over rule-based naver name [0.03ms]
(pass) getAdminEvaluationDisplayName > uses the rule-based naver name before the origin name
(pass) getAdminEvaluationDisplayName > ignores an address-only provider name mismatch [0.02ms]
(pass) getAdminEvaluationDisplayName > falls back to the current record name when no approved or passed naver name exists
(pass) getAdminEvaluationDisplayName > accepts nullable database fields and falls back to the next non-empty name [0.01ms]
(pass) getAdminEvaluationApprovalName > keeps the admin-edited name when stale provider names still exist [0.01ms]
(pass) getAdminEvaluationApprovalName > uses the passed provider name when there is no admin edit [0.05ms]
(pass) getAdminEvaluationVideoLabel > prefers youtube_meta.title when present [0.03ms]
(pass) getAdminEvaluationVideoLabel > does not fall back to a youtube URL when the title is missing [0.01ms]
(pass) getAdminEvaluationVideoLabel > uses a bounded empty label when both title and restaurant name are missing
(pass) getAdminEvaluationVideoLabel > keeps title presence separate from the display fallback
(pass) matchesAdminEvaluationSearch > matches restaurant name when youtube title is missing [0.02ms]
(pass) matchesAdminEvaluationSearch > matches a video id in the youtube link
(pass) matchesAdminEvaluationSearch > does not treat an unrelated query as a hit

tests-unit/naver-map-layout-shift-helpers.test.ts:
(pass) naver map layout shift helpers > derives half-width pan delta from offset change [0.03ms]
(pass) naver map layout shift helpers > does not pan when offset is unchanged
(pass) naver map layout shift helpers > preserves visual center only for user-moved layout-only changes [0.01ms]
(pass) naver map layout shift helpers > uses stable resize timing around centering transitions [0.01ms]

tests-unit/naver-map-resize-target-helpers.test.ts:
(pass) naver map resize target helpers > prefers selected restaurant coordinates [0.02ms]
(pass) naver map resize target helpers > skips resize target movement when url coordinates are present
(pass) naver map resize target helpers > falls back to selected region or national config [0.01ms]

tests-unit/map-runtime-helpers.test.ts:
(pass) map runtime helpers > evicts oldest entry when lru cache exceeds max size [0.09ms]
(pass) map runtime helpers > get refreshes recency in lru cache [0.03ms]

tests-unit/typescript-toolchain-source.test.ts:
(pass) TypeScript 7 dual-toolchain manifest contract > release, nightly, and benchmark lanes use the current Bun contract [0.43ms]
(pass) TypeScript 7 dual-toolchain manifest contract > pins the native CLI, bridge, stable API, and ESLint owner exactly [0.09ms]
(pass) TypeScript 7 dual-toolchain manifest contract > keeps TS7 config valid without weakening the app [0.05ms]
(pass) TypeScript 7 dual-toolchain manifest contract > reconciles exact npm and Bun dependency graphs [2.26ms]
(pass) TypeScript 7 dual-toolchain manifest contract > verifier owns package, CLI, API, and native binary provenance [0.12ms]
(pass) TypeScript 7 dual-toolchain manifest contract > classifies parity inputs with canonical platform-aware containment and rejects unusable collections [0.05ms]

tests-unit/privacy-sanitize.test.ts:
(pass) privacy sanitizer > redacts nested sensitive values without retaining their raw matches [0.41ms]
(pass) privacy sanitizer > redacts auth cookies, opaque session values, and provider diagnostics [0.10ms]
(pass) privacy sanitizer > uses fixed auth and profile diagnostics instead of raw errors or messages [1.17ms]
(pass) privacy sanitizer > bounds depth, entries, strings, cyclic values, and invalid limits [0.16ms]
(pass) privacy sanitizer > hard-clamps hostile overrides and stops deep, wide, oversized, shared, cyclic, and accessor input [2.30ms]
(pass) privacy sanitizer > truncates aggregate input and output before wide safe strings can exceed byte budgets [8.41ms]
(pass) privacy sanitizer > rejects omitted secrets after output capacity is exhausted [16.69ms]
(pass) privacy sanitizer > inventories non-enumerable, symbol, and array expando secrets without retaining them [0.21ms]
(pass) privacy sanitizer > inspects non-enumerable accessor descriptors without invoking their getters [0.06ms]
(pass) privacy sanitizer > rejects proxy containers before hostile ownKeys materializes an unbounded key list [0.04ms]
(pass) privacy sanitizer > keeps browser JSON-data sanitization available without a native proxy detector [0.19ms]
(pass) privacy sanitizer > does not invoke sensitive accessors while sanitizing [0.05ms]
(pass) privacy sanitizer > keeps business coordinates distinct from device coordinates [0.04ms]
(pass) privacy sanitizer > redacts coordinate-bearing device containers but keeps only explicit business opt-in [0.20ms]
(pass) privacy sanitizer > redacts coordinate-pair nodes at root and under unlabeled properties [0.12ms]
(pass) privacy sanitizer > inventories sensitive coordinate siblings without changing whole-node redaction [0.08ms]
(pass) privacy sanitizer > normalizes location container variants and requires an explicit business context [0.21ms]
(pass) privacy sanitizer > redacts API-key value variants without treating identifier metadata as credentials [0.18ms]
(pass) privacy sanitizer > redacts Korean 070 phone numbers without matching unprefixed numeric identifiers [0.05ms]
(pass) privacy sanitizer > keeps canonical UUID identifiers instead of reading hex runs as phone numbers [0.17ms]
(pass) privacy sanitizer > rejects precise coordinates embedded in labeled text and URLs [0.21ms]
(pass) privacy sanitizer > fails closed with category, path, and count only [0.08ms]

tests-unit/verify-pin-contract-source.test.ts:
(pass) Pin_Contract verifier source contract (design C2 / requirement 5) > owns the two bounded fixed codes and never mutates release-authority files [0.03ms]
(pass) Pin_Contract verifier source contract (design C2 / requirement 5) > verifies all six Pin_Contract items with declared vs resolved [0.04ms]
(pass) Pin_Contract verifier source contract (design C2 / requirement 5) > routes type checking through npm run typecheck:parity and guards the compiler root [0.01ms]
(pass) Pin_Contract verifier source contract (design C2 / requirement 5) > detects bun.lock vs package-lock.json conflicts and records list + count
(pass) Pin_Contract verifier source contract (design C2 / requirement 5) > fails closed on drift while still recording the per-item receipt
(pass) Pin_Contract declared values in the tree > package.json and both locks pin the exact contract versions [0.03ms]
100 |       return;
101 |     }
102 |     // Whether the environment matches every pin or not, the verifier must emit a
103 |     // structured per-item receipt (requirement 5.7). A global compiler would emit
104 |     // no receipt, so parsing the JSON also proves the compiler was admitted.
105 |     const receipt = JSON.parse(result.stdout.trim().split("\n").pop() as string);
                               ^
SyntaxError: JSON Parse error: Unexpected EOF
      at <anonymous> (/Users/twoimo/.codex/worktrees/ranking-page-headers-20261008/tzudong/apps/web/tests-unit/verify-pin-contract-source.test.ts:105:26)
(fail) Pin_Contract verifier runtime behavior > rejects an absent repository compiler or emits a per-item installed-compiler receipt [57.96ms]
(pass) Bun reconciliation is a failing pin gate > missing or differently resolved direct dependencies fail with otherwise matching pins [1.01ms]

tests-unit/browser-storage-guard.test.ts:
(pass) browser storage guard > writes and reads through the requested storage only [0.16ms]
(pass) browser storage guard > returns safe defaults instead of throwing when window is absent [0.01ms]
(pass) browser storage guard > returns safe defaults when the storage property itself throws [0.13ms]
(pass) browser storage guard > returns safe defaults when storage methods throw [0.18ms]
(pass) browser storage guard > rejects unusable keys and values before touching storage [0.05ms]
(pass) browser storage guard adoption > popup and header call sites no longer touch storage directly [0.24ms]
(pass) browser storage guard adoption > each call site routes its own storage key through the guard [0.66ms]
(pass) browser storage guard adoption > storage failures are reported with a fixed sanitized code only [0.09ms]

tests-unit/storage-server-client.test.ts:
(pass) server-only privileged Storage boundary > uses a distinct strict-local key and preserves hosted behavior [0.18ms]
(pass) server-only privileged Storage boundary > routes thumbnail Storage only through the dedicated client [0.18ms]
(pass) server-only privileged Storage boundary > keeps both Storage key names out of browser and Playwright environments [0.16ms]

tests-unit/privacy-consent-lock-privilege.test.ts:
(pass) privacy consent row-lock privilege > the consent RPC locks its idempotency row on the private ledger [0.08ms]
(pass) privacy consent row-lock privilege > the workflow owner holds the UPDATE privilege that row lock requires [0.88ms]
(pass) privacy consent row-lock privilege > the ledger stays append-only so the lock privilege cannot rewrite history [0.11ms]

tests-unit/admin-storyboard-canvas-shell.test.ts:
(pass) admin storyboard canvas shell extraction > keeps canvas shell attributes in the extracted presentational component [0.32ms]
(pass) admin storyboard canvas shell extraction > leaves provider readiness and trusted-image decisions in the orchestrator [0.39ms]
(pass) admin storyboard canvas shell extraction > releases the embedded storyboard shell at stacked responsive widths only [0.78ms]

tests-unit/naver-map-current-state-helpers.test.ts:
(pass) naver map current state helpers > builds current state snapshot from panel and layout state [0.04ms]
(pass) naver map current state helpers > returns current panel offset from snapshot [0.01ms]
(pass) naver map current state helpers > builds initial current state snapshot with zero panel offset [0.02ms]
(pass) naver map current state helpers > resolves restaurant count badge update only for loaded non-empty data [0.03ms]
(pass) naver map current state helpers > allows overriding the settle delay before showing final restaurant count
(pass) naver map current state helpers > suppresses restaurant count badge when already shown once
(pass) naver map current state helpers > suppresses restaurant count badge on mobile until noncritical effects are active

tests-unit/profile-avatar-consumers-source.test.ts:
(pass) profile avatar consumer source contract > all avatar renderers resolve untrusted values through the canonical boundary [0.20ms]
(pass) profile avatar consumer source contract > no avatar renderer passes a raw database, hook, or prop value to an image source [0.25ms]
(pass) review card avatar source contract > binds the review author's avatar to the review author's identity [0.05ms]
(pass) profile avatar mutation source contract > delegates raw-reference CAS and cleanup ordering to the shared saga [0.10ms]
(pass) profile avatar mutation source contract > refreshes every raw profile/avatar cache before success or failure releases the UI [0.23ms]
(pass) profile avatar mutation source contract > exposes repair controls for every non-null raw reference without rendering it directly [0.26ms]
(pass) profile avatar mutation source contract > distinguishes committed mutations with pending object cleanup in the UI [0.10ms]

tests-unit/backend-npm-ci-retry-source.test.ts:
(pass) backend npm clean-install retry contract > keeps the retry boundary scoped to the backend clean install [0.06ms]
(pass) backend npm clean-install retry contract > runs once on success with the exact npm authority and clean-install arguments [356.64ms]
(pass) backend npm clean-install retry contract > retries only transient network failures with bounded backoff [530.68ms]
(pass) backend npm clean-install retry contract > fails a deterministic install error immediately with its original status [161.70ms]
(pass) backend npm clean-install retry contract > fails a persistent transient after exactly three attempts [350.10ms]
(pass) backend npm clean-install retry contract > fails before install when the npm authority drifts [162.79ms]

tests-unit/restaurant-review-lookup.test.ts:
(pass) restaurant review lookup helpers > normalizes addresses consistently for duplicate review lookup [0.07ms]
(pass) restaurant review lookup helpers > collects direct ids from selected restaurant and already merged records [0.09ms]
(pass) restaurant review lookup helpers > includes deleted same-name same-address duplicate ids for Dailyfix review lookup [0.11ms]
(pass) restaurant review lookup helpers > includes duplicate ids when only raw name matches the approved restaurant name [0.03ms]
(pass) restaurant review lookup helpers > includes shorter raw-name duplicates when the address matches [0.02ms]
(pass) restaurant review lookup helpers > uses approved_name as lookup fallback when name alias is absent [0.02ms]

tests-unit/naver-map-presence-helpers.test.ts:
(pass) naver map presence helpers > prefers user_id over presence_ref and presence key [0.05ms]
(pass) naver map presence helpers > counts unique users across presence state entries [0.10ms]
(pass) naver map presence helpers > resolves online toast display plan and hide timer replacement [0.03ms]
(pass) naver map presence helpers > schedules initial online toast only once [0.04ms]

tests-unit/dependency-modernization-server-compatibility.test.ts:
(pass) dependency modernization release authority > the named dependency gate is the fail-closed candidate-bound release runner [0.18ms]
(pass) dependency modernization release authority > the current npm lock has no root or nested lodash and sonner package paths [1.88ms]
(pass) dependency modernization release authority > the standalone browser proof keeps the production build, CSS verifier, and real browser suite [0.19ms]
(pass) dependency modernization release authority > the built server, health probe, and isolated browser share the admitted origin [0.09ms]
(pass) dependency modernization release authority > invalid proof ports fail before package installation or server execution [103.55ms]
(pass) dependency modernization release authority > the dependency runner retains no raw child diagnostics or exception messages [0.17ms]

tests-unit/brand-logo-alpha.test.ts:
(pass) compact brand PNG preserves transparent background and pin center [1.83ms]

tests-unit/admin-restaurant-modal-presentation-source.test.ts:
(pass) admin restaurant modal presentation source contract > detail gear edit uses mobile bottom sheet and desktop draggable map panel [0.65ms]

tests-unit/admin-storyboard-history-client.test.ts:
(pass) admin storyboard public history client helpers > supports both new jsonPath and legacy rawPath entries [0.13ms]
(pass) admin storyboard public history client helpers > rejects unsafe or non-json history paths [0.07ms]

tests-unit/related-review-count-chunking-source.test.ts:
(pass) 관련 리뷰 카운트 청크 조회 > 청크 결과 순서를 유지하는 공용 헬퍼를 사용한다 [0.03ms]
(pass) 관련 리뷰 카운트 청크 조회 > 동시 요청 수를 상수로 제한한다 [0.01ms]
(pass) 관련 리뷰 카운트 청크 조회 > 순차 for 루프로 청크를 조회하던 코드는 남아 있지 않다 [0.03ms]
(pass) 관련 리뷰 카운트 청크 조회 > each review ID chunk reads all pages before the unchanged count aggregation [0.02ms]

tests-unit/marker-assets-provenance.test.ts:
(pass) marker GPT Image 2 asset provenance > retains original marker provenance and verifies delivered transparent cutouts [11.47ms]

tests-unit/admin-youtube-channel-local-runtime.test.ts:
(pass) admin YouTube channel local runtime fallback > returns a fixed local-unavailable shape while hosted mode keeps failing closed [1.29ms]

tests-unit/restaurant-address-presenter.test.ts:
(pass) buildRestaurantAddressDisplayEntries > suppresses duplicate overseas address rows into one local entry [0.09ms]
(pass) buildRestaurantAddressDisplayEntries > preserves distinct domestic road, jibun, and English fields [0.03ms]
(pass) buildRestaurantAddressDisplayEntries > dedupes repeated values after trim, case, and whitespace normalization [0.01ms]
(pass) buildRestaurantAddressDisplayEntries > returns no entries when address fields are empty

tests-unit/feed-infinite-scroll-error-gate.test.ts:
(pass) 피드 무한 스크롤 실패 처리 > 다음 페이지 실패 뒤에는 관찰자가 즉시 재요청하지 않는다 [0.02ms]
(pass) 피드 무한 스크롤 실패 처리 > 자동 재요청은 오류 구간당 한 번, 백오프를 두고 수행하고 명시적 재시도도 제공한다 [0.07ms]
(pass) 도장 무한 스크롤 중복 트리거 > 스탬프 페이지는 센티널 observer와 스크롤 폴백으로, 오버레이는 observer만 load-more를 호출한다 [0.22ms]
(pass) 도장 무한 스크롤 중복 트리거 > 옵저버와 스크롤 폴백이 같은 프레임에 겹쳐도 페이지를 두 번 건너뛰지 않는다 [0.08ms]
(pass) 조회 실패 로그 > 피드 좋아요 실패는 원시 오류 대신 코드만 남긴다 [0.03ms]
(pass) 조회 실패 로그 > 식당/리뷰 조회 실패도 원시 오류 대신 코드만 남긴다 [0.09ms]

tests-unit/admin-storyboard-eight-real-smoke-source.test.ts:
(pass) storyboard eight real-provider smoke source contract > keeps the real-provider smoke manual, fail-closed, and out of normal CI [0.51ms]

tests-unit/map-view-google-helpers.test.ts:
(pass) map view google helpers > returns numeric restaurant coordinates [0.04ms]
(pass) map view google helpers > builds stable google map options [0.03ms]
(pass) map view google helpers > pans google map to position after triggering resize [0.04ms]
(pass) map view google helpers > shows missing key before generic Google load errors and names InvalidKeyMapError [0.10ms]

tests-unit/map-view-sidepanel-helpers.test.ts:
(pass) map view sidepanel helpers > closes review modal through setter [0.02ms]
(pass) map view sidepanel helpers > shows detail panel only for local panel mode with selected restaurant [0.13ms]
(pass) map view sidepanel helpers > shows review modal only when open and restaurant exists [0.10ms]
(pass) map view sidepanel helpers > builds detail panel capture handlers [0.07ms]
(pass) map view sidepanel helpers > builds review success handler [0.02ms]

tests-unit/review-save-owner-lifecycle.test.ts:
(pass) real React owner-key remount clears A inputs, unblocks B, and protects unknown A photos [1082.90ms]

tests-unit/mobile-scroll-nav-visibility.test.ts:
(pass) mobile scroll nav visibility > hides the bottom nav while scrolling down through the review feed [0.04ms]
(pass) mobile scroll nav visibility > shows the bottom nav when scrolling back up
(pass) mobile scroll nav visibility > can keep admin navigation hidden until the scroll frame reaches the top
(pass) mobile scroll nav visibility > shows the bottom nav near the top even after it was hidden
(pass) mobile scroll nav visibility > ignores tiny scroll jitter
(pass) mobile scroll nav visibility > mobile auto-hide collapses the header banner with the bottom nav [0.06ms]
(pass) mobile mypage scroll frame guards > mypage scroll frame uses the parent viewport instead of a nested 100vh calc [0.10ms]
(pass) mobile mypage scroll frame guards > mypage scroll frame avoids snap locking so the top area remains freely scrollable [0.10ms]

tests-unit/admin-evaluation-address-filter-source.test.ts:
(pass) admin evaluation address filter source contract > review filter absorbs internal candidate status while candidate label stays hidden [0.59ms]

tests-unit/admin-evaluation-missing-metrics-source.test.ts:
(pass) admin evaluation missing metric UI contracts > keeps missing metric approval guard without exposing rerun status labels [0.32ms]
(pass) admin evaluation missing metric UI contracts > does not expose unsafe bulk evaluator rerun actions in admin UI [0.58ms]

tests-unit/naver-map-ui-helpers.test.ts:
(pass) naver map ui helpers > resets map only when route changes back to home [0.02ms]
(pass) naver map ui helpers > resolves restaurant detail panel element by priority [0.04ms]

tests-unit/visible-marker-review-bubbles.test.ts:
(pass) visible marker review bubble signatures > reuses the id signature for the same restaurant list [0.05ms]
(pass) visible marker review bubble signatures > changes when rendered bubble content changes under the same review id [0.05ms]
(pass) visible marker review bubble signatures > is stable regardless of record insertion order [0.02ms]
(pass) visible marker review bubble signatures > reuses one bubble render token until its fields change [0.04ms]

tests-unit/home-map-runtime-activation.test.ts:
(pass) home map runtime activation plan > activates ordinary home visits immediately so the Naver map is the first runtime surface [0.02ms]
(pass) home map runtime activation plan > keeps deep-link detection available while the runtime itself is no longer gated [0.04ms]
(pass) home map runtime activation plan > activates immediately inside the embedded home frame after the outer gate already ran
(pass) home map runtime activation plan > does not treat unrelated query params as immediate map work
(pass) home map runtime activation plan > wires the activation plan into the Naver map runtime loader [0.46ms]

tests-unit/proxy.test.ts:
(pass) 공개 경로는 세션 갱신을 건너뛴다 [1.55ms]
(pass) field POST omits Auth work only when credentialless and keeps mutation checks [0.68ms]
(pass) 보호 경로는 세션 갱신을 수행한다 [0.36ms]
(pass) internal capability POST allowlist reaches routes without bypassing other mutations [0.51ms]
(pass) 관리자 우회 헤더가 있어도 env가 꺼져 있으면 세션 갱신을 수행한다 [0.40ms]
(pass) 관리자 우회 env와 토큰이 있어도 Playwright 컨텍스트가 아니면 세션 갱신을 수행한다 [0.31ms]
(pass) 관리자 우회는 runtime 마커가 없거나 production이면 세션 갱신을 수행한다 [0.32ms]
(pass) 로컬 production bundle smoke 우회는 명시 플래그와 로컬 호스트에서만 허용된다 [0.44ms]
(pass) Playwright 관리자 우회는 env와 토큰 헤더가 모두 맞는 /admin 진입에만 허용된다 [0.83ms]
(pass) 개발자 썸네일 bootstrap 쿠키는 일반 브라우저의 썸네일 관리자 진입만 세션 갱신 없이 허용한다 [0.99ms]

tests-unit/deferred-marker-retry-limit.test.ts:
(pass) deferred provider failures preserve the real retry limit in branch 0 [0.49ms]
(pass) deferred provider failures preserve the real retry limit in branch 1 [0.23ms]
(pass) both production rendering branches participate in the bounded failure checks

tests-unit/naver-map-overlay-stack.test.tsx:
(pass) NaverMapOverlayStack > mounts exactly the loading notice at the highest priority [0.44ms]
(pass) NaverMapOverlayStack > lets an active map toast replace the interactive announcement [0.08ms]
(pass) NaverMapOverlayStack > mounts the announcement button only while it owns the visible slot [0.17ms]
(pass) NaverMapOverlayStack > keeps the empty state persistent and non-interactive [0.07ms]
(pass) NaverMapOverlayStack > drops preempted timed occurrences without stale resume under fake timers [0.31ms]

tests-unit/g002-popup-insights-source.test.ts:
(pass) G002 popup and insights hardening contracts > suppresses noncritical popup chrome on mypage and insights while preserving home eligibility [0.13ms]
(pass) G002 popup and insights hardening contracts > direct popup e2e proof does not hide overlays with helpers [0.04ms]
(pass) G002 popup and insights hardening contracts > popup close and today-dismiss semantics stay separate [0.13ms]
(pass) G002 popup and insights hardening contracts > insights treemap exposes dense context legend and small-cell guidance [0.14ms]

tests-unit/admin-guarded-mutation-contract.test.ts:
(pass) admin guarded mutation contract > defines the required server-side guard sequence and domains [0.01ms]
(pass) admin guarded mutation contract > builds bounded guarded-contract-required responses [0.05ms]
(pass) admin guarded mutation contract > accepts only the exact guarded mutation confirmation token [0.16ms]
(pass) admin guarded mutation contract > feature-gates legacy browser admin mutations off by default [0.25ms]
(pass) admin guarded mutation contract > keeps inline OCR processing disabled unless explicitly enabled outside production [0.04ms]

tests-unit/bottom-sheet-focus-trap.test.ts:
(pass) bottom sheet focus trap helpers > collects the primary container first and appends allowed portal containers [0.08ms]
(pass) bottom sheet focus trap helpers > treats targets inside allowed portal containers as inside the focus region [0.04ms]
(pass) bottom sheet focus trap helpers > allows callers to disable portal allowances with an empty selector list
(pass) bottom sheet strict modal pointer blocking > blocks pointerdown outside the sheet when no backdrop is present [0.02ms]
(pass) bottom sheet strict modal pointer blocking > keeps explicit portal allowances while preserving empty selector strictness [0.02ms]
(pass) bottom sheet strict modal pointer blocking > allows backdrop pointer targets for the backdrop close handler [0.01ms]
(pass) bottom sheet strict modal pointer blocking > allows nested modal portals even when generic portal allowances are disabled [0.01ms]
(pass) bottom sheet modal sibling hiding > keeps the backdrop interactive while hiding app siblings [0.04ms]
(pass) bottom sheet modal sibling hiding > hides bottom nav and fixed chrome siblings outside the modal branch
(pass) bottom sheet modal sibling hiding > does not hide the current modal branch or inert-safe document elements [0.01ms]
(pass) bottom sheet height requests > expands a peek sheet to the requested height without shrinking current height [0.02ms]
(pass) bottom sheet height requests > supports exact height requests for persistent peek sheets
(pass) bottom sheet height requests > clamps requested height inside the sheet bounds
(pass) bottom sheet centered presentation > does not attach sheet drag handlers to centered dialogs [0.06ms]

tests-unit/notification-review-like.test.ts:
(pass) review-like notification RPC contracts > bounds declared and chunked request bodies before exact reviewId-only parsing [0.03ms]
(pass) review-like notification RPC contracts > keeps session-bound checks for useful errors but creates only through the exact typed RPC and exact receipt/readback [0.05ms]
(pass) review-like notification RPC contracts > database rejects forged or stale source relations and derives the fixed source-bound transactional payload [0.06ms]
(pass) review-like notification RPC contracts > replays the same source-like notification idempotently without returning its source identifier to the browser [0.03ms]
(pass) review-like notification RPC contracts > keeps PII out of notification copy and suppresses raw values from the browser response [0.21ms]
(pass) review-like notification RPC contracts > keeps direct notification mutation revoked and the exact RPC catalog-owned by the privacy workflow owner [0.32ms]
(pass) review-like notification RPC contracts > keeps browser like call sites unprivileged and non-destructive when notification delivery fails [0.26ms]

tests-unit/restaurant-merged-media.test.ts:
(pass) restaurant merged media helpers > collects every youtube video and tzuyang review from merged restaurant records [0.09ms]
(pass) restaurant merged media helpers > feeds merged media counts into natural detail copy [0.05ms]
(pass) restaurant merged media helpers > keeps distinct youtube metadata when different videos share the same title [0.02ms]
(pass) restaurant merged media helpers > hydrates a fetched single detail row with the selected merge context [0.05ms]
(pass) restaurant merged media helpers > keeps a known tzuyang review when the fetched row has an empty review [0.02ms]
(pass) restaurant merged media helpers > collects tzuyang reviews stored as arrays or review objects [0.02ms]
(pass) restaurant merged media helpers > pairs each tzuyang review with its video title and publish date [0.06ms]

tests-unit/youtube-thumbnail-chat-intent.test.ts:
(pass) thumbnail chat intent > collapses whitespace and trims empty input [0.01ms]
(pass) thumbnail chat intent > accepts an explicit generation command [0.02ms]
(pass) thumbnail chat intent > never treats a question as a generation command [0.06ms]
(pass) thumbnail chat intent > treats a bare Korean command without an object as guidance only
(pass) thumbnail chat intent > reports an explicit command that also reads as a question on both checks
(pass) thumbnail chat intent > recognizes guidance questions by punctuation or keywords [0.02ms]

tests-unit/mobile-home-search-selection.test.ts:
(pass) mobile home search selection helpers > treats merged or coordinate-matched restaurants as the same selection [0.07ms]
(pass) mobile home search selection helpers > keeps searched restaurant active only while it still matches the selected restaurant [0.03ms]
(pass) mobile home search selection helpers > handles a searched restaurant only once until search state is cleared [0.01ms]
(pass) mobile home search selection helpers > releases search ownership while keeping the current panel selection open [0.02ms]
(pass) mobile home search selection helpers > plans search selection release only once for an active searched restaurant [0.02ms]
(pass) mobile home search selection helpers > resets released search selection id when active search changes or clears [0.02ms]
(pass) mobile home search selection helpers > adds active searched restaurant to swipe candidates when it is outside display ids [0.06ms]
(pass) mobile home search selection helpers > does not duplicate active searched restaurant already present in display ids [0.01ms]
(pass) mobile home search selection helpers > keeps selected search result in swipe candidates after search ownership is released [0.02ms]
(pass) mobile home search selection helpers > does not duplicate selected restaurant that matches an existing display restaurant [0.01ms]
(pass) mobile home search selection helpers > adds the nearest fallback restaurant when only one visible restaurant remains after search [0.06ms]
(pass) mobile home search selection helpers > reuses the nearest fallback when the list and visible restaurant are unchanged [0.03ms]
(pass) mobile home search selection helpers > reuses the searched swipe order for the same visible list [0.02ms]

tests-unit/admin-announcements-console-source.test.ts:
(pass) admin announcements console integration source contract > routes announcement panels to inline admin CRUD instead of console CTA [0.29ms]
(pass) admin announcements console integration source contract > keeps announcement admin operations in full-panel transitions instead of a split preview [0.36ms]
(pass) admin announcements console integration source contract > renders announcement detail content with preserved paragraphs and line breaks [0.10ms]
(pass) admin announcements console integration source contract > keeps multiple banner announcements toast-safe and query-refreshable [0.09ms]
(pass) admin announcements console integration source contract > removes announcement operations from the URL-backed admin console module list [1.26ms]

tests-unit/mypage-crud-contract.test.ts:
(pass) mypage CRUD QA/QC source contracts > profile update flows guard nickname, avatar, and password mutations by the signed-in user [0.33ms]
(pass) mypage CRUD QA/QC source contracts > bookmark and review deletion are owner-scoped and invalidate their read models [0.15ms]
(pass) mypage CRUD QA/QC source contracts > submission create flows insert parent and child rows with rollback on child insert failure [0.27ms]
(pass) mypage CRUD QA/QC source contracts > submission history deletion goes through an authenticated owner-checking API route [0.38ms]
(pass) mypage CRUD QA/QC source contracts > permanent account delete uses a bearer-bound one-time proof and preserves the durable worker/readback boundary [0.20ms]

tests-unit/admin-map-overlays-ia-contract.test.ts:
(pass) admin map overlays IA contract > admin routing no longer exposes the map-overlays module [0.54ms]
(pass) admin map overlays IA contract > public home still does not call the admin map overlay API [0.09ms]

tests-unit/naver-map-resize-center-helpers.test.ts:
(pass) naver map resize center helpers > prefers explicit target coordinates [0.03ms]
(pass) naver map resize center helpers > falls back to current center when target coordinates are absent [0.02ms]

tests-unit/typecheck-benchmark-source.test.ts:
(pass) benchmark admits only the declared installer versions and rejects ambiguous versions [0.14ms]
(pass) rejected warm-up rows must match the exact summary that authorized recovery [4.06ms]
(pass) warm-up cadence recovery checkpoints both attempts without changing rejected bytes [3.68ms]
(pass) warm-up retry eligibility excludes setup, protocol, pressure, identity and compiler failures [0.17ms]
(pass) warm-up exhaustion retains all failed raw files and stops at the existing retry and invalid-run caps [14.84ms]
(pass) schema 5 readback binds recovered warm-ups, rejected raw bytes, ordering and shared invalid counts [30.84ms]
(pass) warm-up setup failure is not retried and untrusted failure bytes stay outside publication [3.49ms]
(pass) TypeScript 7 dual-toolchain and benchmark contract > pins independent TS7 CLI and exact stable TS6 bridge [0.07ms]
(pass) TypeScript 7 dual-toolchain and benchmark contract > requires zero diagnostics and actual logical-input parity [0.03ms]
(pass) TypeScript 7 dual-toolchain and benchmark contract > prewarms the sampler before spawning either compiler [0.30ms]
(pass) TypeScript 7 dual-toolchain and benchmark contract > retries a bounded pre-compiler sampler exit but aborts a true evidence timeout [0.03ms]
(pass) TypeScript 7 dual-toolchain and benchmark contract > yields the high-priority Windows sampler when an overloaded snapshot misses its deadline
(pass) TypeScript 7 dual-toolchain and benchmark contract > isolates caches and uses release-seeded seven plus noise-only nine samples [0.18ms]
(pass) TypeScript 7 dual-toolchain and benchmark contract > locks exact time, RSS, noise, and nearest-rank semantics [0.15ms]
(pass) TypeScript 7 dual-toolchain and benchmark contract > treats bounded aggregate noise as zero admitted slices without hiding an observed regression [0.88ms]
(pass) TypeScript 7 dual-toolchain and benchmark contract > verifies conclusive and zero-admitted inconclusive reports while rejecting false claims [1.27ms]
(pass) TypeScript 7 dual-toolchain and benchmark contract > readbacks every raw hash and rejects any cache or extra publication file [18.88ms]
(pass) TypeScript 7 dual-toolchain and benchmark contract > uses only approved Windows and Linux process sources [0.09ms]
(pass) TypeScript 7 dual-toolchain and benchmark contract > persists identity evidence and invalidates bad samples [0.04ms]
(pass) TypeScript 7 dual-toolchain and benchmark contract > fails closed on provenance, malformed evidence, and immutable publication hazards [0.11ms]

tests-unit/web-quality-performance-source.test.ts:
(pass) Tailwind v4 source contracts > parses exact source directives and compiles all production entries with retained utilities [325.81ms]
(pass) route CSS boundary verifier fixtures > inventories shared and exclusive home, general, admin, and deferred assets [4.25ms]
(pass) route CSS boundary verifier fixtures > rejects malformed, decoy, negated-media, and budget-bypass CSS [18.27ms]
(pass) route CSS ceiling boundaries > enforces exact and one-over raw and transfer ceilings for every route [1273.08ms]
(pass) web quality performance source contracts > map marker HTML keeps image markers with WebP delivery and PNG fallback [0.13ms]
(pass) web quality performance source contracts > global map exposes bounded Google failure exploration fallback [0.23ms]
(pass) web quality performance source contracts > map marker WebP assets are present and at least 75% smaller than PNG fallbacks [0.52ms]
(pass) web quality performance source contracts > popup ad banners load immediately for first-screen exposure while distant media has no src [0.15ms]
(pass) web quality performance source contracts > home filter count queries run before dropdown open so triggers do not show stale zero counts [0.10ms]
(pass) web quality performance source contracts > home map runtime renders directly while supporting queries stay intent-gated [9.17ms]
(pass) web quality performance source contracts > mobile toast dark tokens and G007 announcement width stay explicit [0.17ms]
(pass) web quality performance source contracts > naver marker click centering avoids slow duplicate recenter loops [0.20ms]
(pass) web quality performance source contracts > device location floating action does not show expanding circle animations [0.56ms]
(pass) web quality performance source contracts > profile/stamp/map regressions stay fixed while preserving deferred map loading [1.17ms]
(pass) web quality performance source contracts > review like heart keeps the previous feed-style mobile and desktop overlay layout [0.57ms]
(pass) web quality performance source contracts > auth-gated review actions open UI prompts without uncaught LOGIN_REQUIRED throws [0.23ms]
(pass) web quality performance source contracts > overlay and review icon buttons expose stable accessible names [0.72ms]
(pass) web quality performance source contracts > desktop direct feature routes hand off to the home left panel and suppress popup blockers [1.07ms]
(pass) web quality performance source contracts > direct utility routes render clear fallback states instead of blank or invalid panel configs [0.41ms]
(pass) web quality performance source contracts > admin utility APIs stay behind admin auth and short URLs cannot become open redirects [0.56ms]
(pass) web quality performance source contracts > feed direct route defers heavy modals and detail panels until interaction [1.06ms]
(pass) web quality performance source contracts > /mypage avoids client-side redirect work and defers desktop-only sidebar cost [2.81ms]
(pass) web quality performance source contracts > page-level loaders keep route fallbacks single-owner while map fallbacks stay embedded [7.42ms]
(pass) web quality performance source contracts > route loading boundaries keep skeleton ownership single-pass [2.92ms]
(pass) web quality performance source contracts > intent-loaded mobile modal shells do not render desktop dialog on the first client paint [0.96ms]
(pass) web quality performance source contracts > auth user state lookups have Supabase index migration coverage [0.53ms]
(pass) web quality performance source contracts > user-facing Supabase reads avoid wide fanout and redundant stamp fetches [0.43ms]
(pass) web quality performance source contracts > admin review queue avoids fetching approved review history [0.41ms]
(pass) web quality performance source contracts > Supabase reads use explicit response shapes instead of broad selects [27.04ms]
(pass) web quality performance source contracts > global chrome assets stay small and cacheable without changing page UI [3.79ms]
(pass) web quality performance source contracts > restaurant search controls keep accessible names and keyboard-safe rows [0.30ms]
(pass) web quality performance source contracts > mobile leaderboard rows keep stats visible inside narrow viewports [0.06ms]
(pass) web quality performance source contracts > direct mobile routes use a self-hosted Korean font before fallback stacks [0.10ms]

tests-unit/overseas-map-marker-helpers.test.ts:
(pass) overseas map marker helpers > builds class-only marker HTML with valid local and HTTPS images [0.21ms]
(pass) overseas map marker helpers > fails closed for unsafe marker image values and escapes alt text [0.09ms]
(pass) overseas map marker helpers > prefers selected restaurant id over searched id [0.01ms]
(pass) overseas map marker helpers > toggles only fixed size and selected classes without style mutation [0.09ms]

tests-unit/admin-pending-counts.test.ts:
(pass) admin pending counts contract > builds a ready canonical response while preserving legacy totals [0.06ms]
(pass) admin pending counts contract > marks restaurant-request lifecycle fallback as degraded with bounded diagnostics [0.05ms]
(pass) admin pending counts contract > normalizes legacy payloads into the canonical response defensively [0.02ms]
(pass) admin pending counts contract > clamps non-finite and negative count inputs before deriving totals [0.01ms]
(pass) admin pending counts contract > keeps pending-counts service-role work behind admin auth [0.66ms]
(pass) admin pending counts contract > route returns canonical ready counts after probing every lifecycle column [0.72ms]
(pass) admin pending counts contract > route degrades with bounded diagnostics when any lifecycle column is missing [0.53ms]
[admin/pending-counts] failed: {
  errorName: "Error",
}
(pass) admin pending counts contract > route returns generic 500 for non-lifecycle database errors [0.41ms]

tests-unit/ocr-prompt-experiments.test.ts:
(pass) receipt OCR prompt/preprocess experiment registry > keeps production prompt v2 unchanged while registering v3 experiments [0.03ms]
(pass) receipt OCR prompt/preprocess experiment registry > marks the current preprocess as the only production default candidate [0.03ms]

tests-unit/admin-pipeline-control.test.ts:
(pass) admin pipeline control contract > preview hash binds action/target/profile and confirmation matches guarded steps [0.50ms]
(pass) admin pipeline control contract > pause/resume/cancel require UUID runId and enqueue rejects runId [0.52ms]
(pass) admin pipeline control contract > previewHash changes with runId and dryRun and keeps enqueue hash shape [0.32ms]
(pass) admin pipeline control contract > preview hash uses browser-safe SHA-256 that matches node:crypto [0.18ms]
(pass) admin pipeline control contract > pipeline client helpers do not import node:crypto [0.13ms]
(pass) admin pipeline control contract > dryRun defaults true and live requires LIVE_ENQUEUE [0.20ms]
(pass) admin pipeline control contract > BFF forwards Idempotency-Key and dashboard gates loopback Grafana iframe [0.58ms]
(pass) admin pipeline control contract > POST echo path allowlists PUBLIC_LIST_KEYS and forbids public_run secrets [0.09ms]
(pass) admin pipeline control contract > source test requires gated Grafana iframe after CSP gate [0.04ms]
(pass) admin pipeline control contract > BFF forwards SoT jobs/failures and does not hardcode empty failures [0.03ms]
(pass) admin pipeline control contract > dashboard renders jobs controls error_code and keeps empty-state copy [0.06ms]
(pass) admin pipeline control contract > proxy production frame-src omits loopback Grafana and keeps frame-ancestors none [0.18ms]
(pass) admin pipeline control contract > 502 bodies are error-only and query.isError gates empty failures [0.22ms]

tests-unit/storyboard-local-egress.test.ts:
(pass) local-only egress boundary > connects to literal loopback even when every proxy variable points elsewhere [0.06ms]
(pass) local-only egress boundary > never routes a model call through the global fetch stack [0.02ms]
(pass) local-only egress boundary > rejects an external provider before any socket is opened [4.16ms]
(pass) local-only egress boundary > consent for external AI never turns the local adapter into a cloud client [3.93ms]
(pass) local-only egress boundary > retrieval fails closed instead of reaching any embedding provider [3.97ms]

tests-unit/profile-mutation-boundary.test.ts:
(pass) current profile mutation receipt boundary > accepts only an exact nickname receipt bound to the authenticated subject and input [0.42ms]
(pass) current profile mutation receipt boundary > collapses provider errors into a fixed local code without carrying provider detail [0.19ms]
(pass) current profile mutation receipt boundary > accepts an opaque bounded legacy avatar readback so nickname repair is not blocked [0.14ms]
(pass) current profile mutation receipt boundary > requires the exact complete signup profile state including absence of admin role [0.28ms]
(pass) versioned profile avatar saga > rejects receipts that contradict the exact expected/next SQL invariants [1.06ms]
(pass) versioned profile avatar saga > uploads a unique immutable object, CASes the raw reference, then removes the prior owned object [0.24ms]
(pass) versioned profile avatar saga > recovers an ambiguous CAS as applied and never deletes the newly-current object [0.11ms]
(pass) versioned profile avatar saga > same-operation replay serializes with a delayed first commit without deleting the staged object [1.28ms]
(pass) versioned profile avatar saga > cleans a staged object only when the same-operation replay proves CAS did not apply [0.18ms]
(pass) versioned profile avatar saga > recovers double ambiguity only when bounded readback proves the new marker is current [0.36ms]
(pass) versioned profile avatar saga > leaves both staged and old objects when double ambiguity cannot prove commit [0.23ms]
(pass) versioned profile avatar saga > cleans malformed or wrong-path Storage success responses before any CAS [0.15ms]
(pass) versioned profile avatar saga > returns committed state with pending cleanup after bounded remove/readback uncertainty [0.14ms]
(pass) versioned profile avatar saga > accepts only an exact absence readback after an explicit remove error [0.08ms]
(pass) versioned profile avatar saga > keeps cleanup pending for malformed or contradictory existence responses [0.31ms]
(pass) versioned profile avatar saga > rejects empty, non-JPEG, and oversized avatar blobs before Storage [0.37ms]
(pass) versioned profile avatar saga > clears the database reference before removing the old object, including ambiguous applied readback [0.10ms]
(pass) versioned profile avatar saga > recovers a double-ambiguous clear only when bounded readback proves null [0.08ms]
(pass) versioned profile avatar saga > does not clean the old object when a double-ambiguous clear readback is not null [0.11ms]
(pass) versioned profile avatar saga > replaces and clears an opaque legacy reference without treating it as an owned object [0.21ms]
(pass) versioned profile avatar saga > replaces and clears avatars even when the stored nickname is legacy noncanonical [0.09ms]
(pass) profile caller source contracts > invalidates every real profile display query prefix after a mutation [0.07ms]
(pass) profile caller source contracts > cache invalidation keys match their runtime query producers [0.24ms]
(pass) profile caller source contracts > runtime profile mutation callers use RPC helpers and never direct profiles CRUD [0.93ms]
(pass) profile caller source contracts > password signup performs exact profile readback before privacy confirmation [0.15ms]

tests-unit/trend-proposals-contract.test.ts:
(pass) admin trend proposals contract > parses deterministic list cursor and limit contract [0.23ms]
(pass) admin trend proposals contract > builds proposal preview and review hashes from canonical inputs [0.28ms]
(pass) admin trend proposals contract > summarizes bounded evidence without raw provider content assumptions [0.05ms]
(pass) admin trend proposals contract > proposal API routes are guarded, no-store, deterministic, and non-approving [0.21ms]
(pass) admin trend proposals contract > proposal review RPC is service-role only, replay-safe, stale-aware, and transactional [0.07ms]
(pass) admin trend proposals contract > proposal approval RPC is atomic, replay-safe, stale-aware, and service-role only [0.10ms]
(pass) admin trend proposals contract > admin proposal queue UI exposes preview/reject/approval readback [0.21ms]

tests-unit/publish-jobs-request-contract.test.ts:
(pass) admin publish job queue helpers > normalizes only an empty request body and rejects any payload keys [0.07ms]
(pass) admin publish job queue helpers > validates publish job identifiers and builds a status URL [0.02ms]
(pass) admin publish job queue helpers > admits the queue only behind an explicit loopback Supabase target [0.06ms]
(pass) admin publish job queue helpers > maps only bounded queue-status fields with no leaked columns [0.06ms]
(pass) admin publish job queue helpers > rejects malformed or non-enumerated database status rows [0.03ms]
(pass) admin publish job queue helpers > status and result-code vocabularies mirror the queue migration and worker closed set [0.47ms]
(pass) admin publish job route source contract > guards with requireAdmin before any body or service-role work [0.04ms]
(pass) admin publish job route source contract > POST enforces trusted same-origin mutation and bounded request body [0.02ms]
(pass) admin publish job route source contract > POST only enqueues a requested row into the local_analytics publish queue [0.03ms]
(pass) admin publish job route source contract > GET returns bounded publish status via a status-only query [0.01ms]
(pass) admin publish job route source contract > all handlers return fixed codes and never leak provider or database errors [0.03ms]

tests-unit/log-error-code-bounds.test.ts:
(pass) 로그용 오류 코드 추출 > PostgREST/Postgres 코드만 그대로 돌려준다 [0.11ms]
(pass) 로그용 오류 코드 추출 > 메시지/상세/힌트/스택은 로그로 내보내지 않는다 [0.06ms]
(pass) 로그용 오류 코드 추출 > 코드가 없으면 UNKNOWN으로 대체한다 [0.02ms]
(pass) 로그용 오류 코드 추출 > 위험하거나 형태가 다른 코드는 UNKNOWN으로 막는다 [0.02ms]

tests-unit/mobile-home-map-regressions.test.ts:
(pass) mobile home map regression guards > search-selected restaurant can still swipe to a different visible restaurant [0.05ms]
(pass) mobile home map regression guards > marker render is not skipped when another marker takes over after a search selection [0.07ms]
(pass) mobile home map regression guards > marker render is not skipped when the sheet closes and a new marker opens with cleared search state [0.02ms]
(pass) mobile home map regression guards > single-visible post-search swipe falls back to the nearest restaurant [0.08ms]
(pass) mobile home map regression guards > search ownership release keeps the current detail selection active [0.02ms]
(pass) mobile home map regression guards > peek-state downward sheet gesture dismisses only after intentional distance or speed [0.03ms]
(pass) mobile home map regression guards > blank map taps collapse the sheet, enter fullscreen map, then restore the peek sheet [0.03ms]
(pass) mobile home map regression guards > blank map fullscreen toggle is inactive outside a mobile restaurant panel
(pass) mobile home map regression guards > cluster marker zoom jumps immediately without Naver morph animation [0.28ms]
(pass) mobile home map regression guards > mobile restaurant detail sheet peeks on map interaction without skipping fullscreen tap sequence [0.68ms]
(pass) mobile home map regression guards > mobile visible marker sheet receives map interaction epoch before requesting peek height [0.22ms]
(pass) mobile home map regression guards > G002 mobile category sheet commits immediately without delayed apply affordance [0.17ms]
(pass) mobile home map regression guards > G012 mobile sheets and details own fixed map-control safe area [0.13ms]
(pass) mobile home map regression guards > home detail route history uses app-owned list/detail states and browser back restoration contracts [0.11ms]

tests-unit/trend-job-requests-contract.test.ts:
(pass) trend job request source contract > normalizes and hashes trend job enqueue requests deterministically [0.19ms]
(pass) trend job request source contract > admin trend job routes guard before body/service-role work and do not run collectors inline [0.15ms]
(pass) trend job request source contract > service-role RPC migration claims and finalizes queued/stale claimed jobs only [0.10ms]
(pass) trend job request source contract > Supabase types expose trend job table statuses and worker RPC signatures [0.12ms]

tests-unit/stamp-restaurant-order.test.ts:
(pass) stamp restaurant ordering > puts stamped restaurants before higher-review unvisited restaurants [0.07ms]
(pass) stamp restaurant ordering > keeps the selected sort order inside the stamped group [0.05ms]
(pass) stamp visited lookup memoization > asks the visit predicate once per restaurant even though the comparator repeats [0.30ms]
(pass) stamp visited lookup memoization > produces the same order as the unmemoized comparator [0.26ms]
(pass) stamp visited lookup memoization > caches a false verdict too, so unvisited restaurants are not recomputed [0.07ms]
(pass) stamp visited lookup memoization > judges distinct objects that share an id separately [0.03ms]
(pass) stamp visited lookup memoization > wires the memoized lookup into the stamp page comparator [0.13ms]
(pass) stamp visited lookup memoization > wires the memoized lookup into the stamp overlay comparator [0.05ms]

tests-unit/preference-trend-request-security.test.ts:
(pass) preference and trend request security > uses the canonical bounded reader with declared caps and no raw body readers [0.13ms]
(pass) preference and trend request security > checks the canonical origin after admin auth and before body or privileged-client work [0.12ms]
(pass) preference and trend request security > rejects actual and declared over-limit bodies, rejects non-JSON media, and accepts normal payloads [0.58ms]

tests-unit/naver-map-viewport-helpers.test.ts:
(pass) naver map viewport helpers > returns zero offset on mobile [0.02ms]
(pass) naver map viewport helpers > returns zero offset for shrinking internal layout
(pass) naver map viewport helpers > returns zero offset when panel is collapsed or closed
(pass) naver map viewport helpers > returns panel width when external panel is open

tests-unit/restaurant-submission-flow.test.ts:
(pass) restaurant submission flow validation > step 1 requires restaurant name, address, and category before mobile progression [0.05ms]
(pass) restaurant submission flow validation > new submission step 2 requires a canonical HTTPS YouTube link [0.07ms]
(pass) restaurant submission flow validation > request submission step 2 requires a recommendation reason of at least 10 characters [0.02ms]
(pass) restaurant submission flow validation > rejects junk input while preserving short Korean names and normal Korean addresses [0.05ms]
(pass) restaurant submission flow validation > request descriptions reject repeated or symbol-only junk but allow Korean reasons [0.01ms]
(pass) restaurant submission flow validation > submit validation mirrors the required steps for each mode [0.02ms]
(pass) restaurant submission submit contract > canonical fingerprint is stable for equivalent trimmed payloads [0.08ms]
(pass) restaurant submission submit contract > canonical payload normalizes category order and duplicates [0.07ms]
(pass) restaurant submission submit contract > phone normalization drives request readback mismatch detection [0.02ms]
(pass) restaurant submission privacy boundaries > rejects sensitive values while preserving Korean business submissions and approved coordinates [0.23ms]
(pass) restaurant submission privacy boundaries > guards raw and canonical business-submission sinks before persistence without raw diagnostics [0.79ms]
(pass) restaurant submission modal source contract > posts submissions to the server route instead of browser-side submission inserts [0.10ms]
(pass) restaurant submission modal source contract > step transitions dispatch local instrumentation without awaiting network [0.04ms]
(pass) restaurant submission modal source contract > draft restore requires an explicit user choice before applying saved form data [0.06ms]
(pass) restaurant submission modal source contract > server route validates an exact bounded schema before canonicalization and persistence [0.14ms]

tests-unit/mobile-sheet-layout.test.ts:
(pass) mobile sheet header progress > keeps the header in place until the sheet is fully expanded [0.03ms]

tests-unit/release-visual-privacy-source.test.ts:
(pass) authenticated release evidence has no recorder, storage file, or raw failure surface [0.25ms]
(pass) only strict CLI values bind release identity and the child receives no release trust material [0.07ms]
(pass) credentials only reach the Node consumer and browser descendants receive a scrubbed environment [0.05ms]
(pass) nested receipt is exact, independently hashable, and metadata remains private [0.09ms]
(pass) late page failures and navigation timeouts remain fail-closed [0.04ms]
(pass) G009 visual entrypoints expose only sanitized errors and no symmetric trust root [0.13ms]

tests-unit/pencil-storyboard-contract.test.ts:
(pass) pencil storyboard sync contract > validates a generated storyboard manifest with existing source and artifact files [1.01ms]
(pass) pencil storyboard sync contract > rejects unstable ids, missing source files, and invalid viewports [0.80ms]
(pass) pencil storyboard sync contract > rejects duplicate manifest entry ids when the manifest otherwise looks healthy [1.20ms]
(pass) pencil storyboard sync contract > keeps redirect-only and loading storyboard surfaces separate from final route screenshots [0.04ms]
(pass) pencil storyboard sync contract > rejects direct React generation proposals and source mutation flags in the reverse-sync queue [1.94ms]
(pass) pencil storyboard sync contract > keeps drift fingerprints stable when only review notes or ordering changes [0.05ms]

tests-unit/root-css-layer-guard.test.ts:
(pass) root CSS cascade layer guard > declares the Tailwind layer order up front [375.78ms]
(pass) root CSS cascade layer guard > keeps the element font reset inside @layer base so utilities can win [334.58ms]
(pass) root CSS cascade layer guard > still detects unlayered rules, so the layer assertion cannot pass vacuously [439.83ms]

tests-unit/review-draft-privacy.test.ts:
(pass) review draft privacy persistence > uses a v3 compound scope key with bounded expiry metadata [0.04ms]
(pass) review draft privacy persistence > constructs persisted and returned rows field-by-field without media [0.07ms]
(pass) review draft privacy persistence > uses bounded cursors for cleanup, user lists, and deletion readback [0.05ms]

tests-unit/ocr-promotion-gate.test.ts:
(pass) receipt OCR production promotion gate > blocks production prompt/preprocess promotion while validated fixture coverage is insufficient [0.47ms]
(pass) receipt OCR production promotion gate > current production admin gate remains blocked until fixture coverage threshold is met [0.35ms]

tests-unit/privacy-processing-inventory.test.ts:
(pass) privacy processing inventory > covers each current processing class exactly once [0.06ms]
(pass) privacy processing inventory > indexes every processing class back to the same inventory item [0.04ms]
(pass) privacy processing inventory > keeps all required descriptive fields and collections non-empty [0.06ms]
(pass) privacy processing inventory > keeps every current item behind operator approval or deployed readback [0.02ms]
(pass) privacy processing inventory > keeps precise device location gated by its external prerequisite [0.02ms]
(pass) privacy processing inventory > does not attach an external prerequisite to unrelated processing classes [0.06ms]

tests-unit/restaurant-discovery-cache-source.test.ts:
(pass) restaurant discovery cache invalidation contract > admin approval/update/delete invalidates every public map and search surface [0.34ms]
(pass) restaurant discovery cache invalidation contract > desktop and mobile search refetches stale empty results instead of waiting for refresh [0.18ms]

tests-unit/gemini-ocr.test.ts:
(pass) gemini receipt ocr helper > defaults to gemini-3.6-flash as the authoritative OCR baseline [0.04ms]
(pass) gemini receipt ocr helper > defaults OCR thinking to medium and allows env override [0.03ms]
(pass) gemini receipt ocr helper > builds Gemini multimodal parts without exposing secrets [0.03ms]
(pass) gemini receipt ocr helper > calls configured Gemini model and normalizes receipt JSON [0.50ms]
(pass) gemini receipt ocr helper > falls through Gemini model list before failing [0.15ms]
(pass) gemini receipt ocr helper > does not include the API key in missing-key errors [0.03ms]
(pass) gemini receipt ocr helper > throws provider error with attempts when all Gemini candidates fail [0.07ms]

tests-unit/youtube-url-security.test.ts:
(pass) canonical YouTube URL contract > normalizes exact video IDs and allowlisted canonical HTTPS URLs [0.14ms]
(pass) canonical YouTube URL contract > rejects malformed IDs and non-string values [0.08ms]
(pass) canonical YouTube URL contract > rejects unsafe schemes, protocol-relative URLs, and arbitrary hosts [0.06ms]
(pass) canonical YouTube URL contract > rejects credentials, ports, fragments, encoded controls, and path ambiguity [0.05ms]
(pass) canonical YouTube URL contract > rejects duplicate, conflicting, and non-allowlisted query parameters [0.06ms]
(pass) canonical YouTube URL contract > uses the canonical contract for restaurant submission validation [0.03ms]

tests-unit/restaurant-visit-count.test.ts:
(pass) restaurant visit count > counts unique merged youtube links as Tzuyang visits [0.07ms]
(pass) restaurant visit count > falls back to review count when review history is richer than links [0.03ms]
(pass) restaurant visit count > counts compact merged restaurant rows when aggregate arrays are missing [0.03ms]
(pass) restaurant visit count > does not show a badge for a single visit [0.01ms]

tests-unit/admin-thumbnail-bootstrap-route.test.ts:
(pass) dev admin thumbnail bootstrap route > sets a signed HttpOnly cookie and redirects the normal browser to the thumbnail page [0.88ms]
(pass) dev admin thumbnail bootstrap route > fails closed when env, token, host, or redirect target is unsafe [0.14ms]

tests-unit/ocr-evaluation.test.ts:
(pass) receipt OCR manifest/evaluation harness > validates fixture source license and redaction metadata before commit-safe evaluation [0.01ms]
(pass) receipt OCR manifest/evaluation harness > aggregates field scores, errors, and latency percentiles across fixtures [0.04ms]
(pass) receipt OCR manifest/evaluation harness > blocks production promotion when gold-set and critical-field thresholds are not met [0.03ms]

tests-unit/naver-live-provider-smoke-source.test.ts:
(pass) Naver live-provider Playwright smoke source contract > couples the dedicated spec to the explicit live server mode [0.12ms]
(pass) Naver live-provider Playwright smoke source contract > documents the explicit command without embedding a Client ID [0.06ms]
(pass) Naver live-provider Playwright smoke source contract > fails closed before Playwright when the explicit Client ID is absent [18.53ms]

tests-unit/storyboard-resource-invariants.test.ts:
(pass) storyboard resource invariants > reserve is max(16 GiB, 12.5% of physical RAM) [0.04ms]
(pass) storyboard resource invariants > admits only when used + additional peak + reserve fit in physical RAM [0.03ms]
(pass) storyboard resource invariants > worker admission adds resident model bytes before claim [0.09ms]
(pass) storyboard resource invariants > host-wide available memory includes external model residency once [0.01ms]
(pass) storyboard resource invariants > worker admission reserves a configurable MLX inference peak and fails closed on invalid values [0.04ms]
(pass) storyboard resource invariants > queue wait follows W[i+1] = max(0, W[i] + S[i] - A[i]) [0.01ms]
(pass) storyboard resource invariants > estimated wait is unknown without a live worker [0.03ms]

tests-unit/admin-mutation-request-security.test.ts:
(pass) admin mutation request security > uses the shared bounded reader and same-origin guard before mutation work [0.37ms]
(pass) admin mutation request security > fails closed for oversized or non-JSON request bodies while accepting exact JSON bodies [0.55ms]
(pass) admin mutation request security > rejects malformed, duplicate, mismatched, aborted, stalled, and invalid UTF-8 JSON bodies [1003.77ms]
(pass) admin mutation request security > accepts the exact inline OCR process JSON body [0.19ms]

tests-unit/admin-restaurant-refresh-history-source.test.ts:
(pass) admin restaurant refresh history source contracts > adds a dedicated admin sidebar module for approved restaurant refresh history [1.73ms]
(pass) admin restaurant refresh history source contracts > panel keeps refresh workflow history-first and operator guarded [1.03ms]
(pass) admin restaurant refresh history source contracts > panel renders inside the compact embedded module shell without the old h1 title [3.50ms]
(pass) admin restaurant refresh history source contracts > admin API is admin gated, no-store, and separates record from guarded apply [0.27ms]
(pass) admin restaurant refresh history source contracts > migration stores immutable refresh runs/candidates with RLS and explicit grants [0.07ms]

tests-unit/review-modal-ocr-ux.test.ts:
(pass) review modal OCR UX helpers > suppresses automatic OCR navigation while the user is actively editing [0.03ms]
(pass) review modal OCR UX helpers > keeps automatic OCR navigation disabled after manual step movement
(pass) review modal OCR UX helpers > tracks persistent AI-filled field markers without mutating previous sets [0.03ms]
(pass) review modal OCR UX helpers > orders progress stages for the compact SSE timeline [0.01ms]
(pass) review modal OCR selected restaurant guard > does not replace selected restaurant from fuzzy OCR-only match [0.09ms]
(pass) review modal OCR terminal recovery contract > keeps the receipt photo attached and reuses one terminal notice helper [0.38ms]
(pass) review modal OCR terminal recovery contract > uses safe user-facing copy for force OCR refresh toggle [0.12ms]

tests-unit/admin-route-candidates-contract.test.ts:
(pass) admin route candidate and export source contracts > admin route candidates are service-role reads after requireAdmin with readback metadata [0.12ms]
(pass) admin route candidate and export source contracts > directions route keeps seven-point cap and durable bounded provider controls [0.14ms]
(pass) admin route candidate and export source contracts > admin overview UI debounces directions and exposes Tzudong export package [0.28ms]

tests-unit/admin-edit-restaurant-modal-source.test.ts:
(pass) admin edit restaurant modal persistence contract > persists editable fields and blocks un-geocoded address drift [0.44ms]

tests-unit/review-modal-map-panel-helpers.test.ts:
(pass) review modal desktop map-panel helpers > maps arrow keys to predictable one-step panel movement [0.05ms]
(pass) review modal desktop map-panel helpers > ignores non-movement keys and supports custom step sizes

tests-unit/review-photo-url-security.test.ts:
(pass) review photo URL trust boundary > builds and resolves a canonical key bound to its owner and review [0.33ms]
(pass) review photo URL trust boundary > rejects another owner, review, or purpose [0.26ms]
(pass) review photo URL trust boundary > resolves same-origin public review-photo URLs back to the owned object [0.23ms]
(pass) review photo URL trust boundary > rejects absolute URLs, buckets, traversal, encoded separators, queries, and fragments [0.11ms]
(pass) review photo URL trust boundary > rejects controls, malformed key shapes, and unsupported image extensions [0.05ms]
(pass) review photo URL trust boundary > fails closed without owner binding and for invalid cache-buster values [0.11ms]
(pass) review photo URL trust boundary > resolves the historical composer layout for the owning user only [0.14ms]
(pass) review photo URL trust boundary > resolves the configured loopback origin instead of requiring https [0.03ms]
(pass) review photo URL trust boundary > normalizes browser filenames into the canonical filename grammar [0.09ms]
(pass) review photo URL trust boundary > rejects an arbitrary tracker origin even when the storage client generates that origin [0.02ms]
(pass) review photo URL trust boundary > deduplicates cleanup keys and verifies removal through storage readback [0.23ms]
(pass) review photo URL trust boundary > retains the exact canonical retry set when remove resolves an error or readback finds an object [0.07ms]

tests-unit/restaurant-display-name.test.ts:
(pass) restaurant display name helpers > prefers the approved canonical restaurant name [0.05ms]
(pass) restaurant display name helpers > falls back through available source names when approved_name is absent [0.02ms]
(pass) restaurant display name helpers > returns a safe placeholder when no display name exists
(pass) restaurant display name helpers > normalizes rows so stamp cards never render undefined titles [0.02ms]

tests-unit/profile-avatar-url-security.test.ts:
(pass) profile avatar URL trust boundary > resolves only the signed-in user's exact profile avatar object [0.28ms]
(pass) profile avatar URL trust boundary > resolves a strict versioned internal reference without exposing the marker to Image [0.09ms]
(pass) profile avatar URL trust boundary > fails closed when the configured Supabase origin includes a port [0.06ms]
(pass) profile avatar URL trust boundary > resolves an internal marker against exact loopback only in explicit local runtime [0.12ms]
(pass) profile avatar URL trust boundary > rejects unsafe local origin variants even in explicit local runtime [0.24ms]
(pass) profile avatar URL trust boundary > allows a canonical Google OAuth avatar for rendering but never deletion [0.06ms]
(pass) profile avatar URL trust boundary > classifies owned storage, Google OAuth, and invalid values for deletion [0.04ms]
(pass) profile avatar URL trust boundary > rejects untrusted origins, credentials, ports, query strings, and fragments [0.12ms]
(pass) profile avatar URL trust boundary > rejects traversal, encoded separators, other users, buckets, keys, and SVG [0.13ms]
(pass) profile avatar URL trust boundary > fails closed for malformed authenticated identities [0.06ms]

tests-unit/local-supabase-runtime.test.ts:
(pass) local Supabase runtime source contract > rejects a development port absent from the admitted local browser origins [0.14ms]
(pass) local Supabase runtime source contract > delegates replay ledger admission to Python over stdin and fails closed [0.43ms]
(pass) local Supabase runtime source contract > runs the offline Python bridge and propagates authority rejection without diagnostics [74.78ms]
94 |       'manifest = module.verify_manifest()',
95 |       'print(json.dumps([module._expected_snapshot_row(item) for item in manifest["source"]["files"]]))',
96 |     ].join('\n'), root], { encoding: 'utf8', timeout: 30_000 });
97 |     expect(generated.status).toBe(0);
98 |     const rows = JSON.parse(generated.stdout);
99 |     expect(rows).toHaveLength(100);
                      ^
error: expect(received).toHaveLength(expected)

Expected length: 100
Received length: 101

      at <anonymous> (/Users/twoimo/.codex/worktrees/ranking-page-headers-20261008/tzudong/apps/web/tests-unit/local-supabase-runtime.test.ts:99:18)
(fail) local Supabase runtime source contract > validates current 100-source fixture snapshots through the real offline authority [564.34ms]
(pass) local Supabase runtime source contract > derives a path-bound Compose project name [0.10ms]
(pass) local Supabase runtime source contract > parses exact generated env lines and rejects duplicates or malformed keys [0.24ms]
(pass) local Supabase runtime source contract > reconstructs STORAGE_SERVICE_KEY from JWT_SECRET when the generated env omitted it [0.09ms]
(pass) local Supabase runtime source contract > passes only the bounded GitHub socket admission context to local stack status [0.06ms]
(pass) local Supabase runtime source contract > passes an exact local-only environment to the type generation child [0.17ms]
(pass) local Supabase runtime source contract > keeps local development isolated from ambient hosted credentials [0.47ms]
(pass) local Supabase runtime source contract > fails closed on unadmitted next-dev spawners and pins the hosted argv marker [1.64ms]
(pass) local Supabase runtime source contract > rejects malformed GitHub repository inputs while keeping status fail closed [0.04ms]
(pass) local Supabase runtime source contract > loads non-database operator inputs into an isolated map before scrubbing [1.04ms]
(pass) local Supabase runtime source contract > accepts only an explicit owner-only absolute operator env path [0.70ms]
(pass) local Supabase runtime source contract > rejects group- or world-readable optional local env files [0.55ms]
(pass) local Supabase runtime source contract > strict local clean wrapper skips repository dotenv and blocks Next dotenv reprocessing [97.46ms]
(pass) local Supabase runtime source contract > clean wrapper forwards termination and exits with the signal status [30.35ms]

tests-unit/release-visual-evidence.test.ts:
(pass) schema-v5 release visual evidence keeps detached capture receipts independently verified [0.33ms]

tests-unit/admin-storyboard-history.test.ts:
(pass) admin storyboard local history persistence > is disabled unless explicitly enabled outside production [0.35ms]
(pass) admin storyboard local history persistence > does not write local history in production even when the write flag is present [0.16ms]
(pass) admin storyboard local history persistence > does not default image-route history writes on without explicit opt-in [0.07ms]
(pass) admin storyboard local history persistence > writes only sanitized trusted-image storyboard history in local development [1.63ms]
(pass) labels storyboard history as actual records vs public preview examples [0.67ms]

tests-unit/auth-admin-login-redirect.test.ts:
(pass) proxy emits a fresh nonce-bound enforcing CSP and forwards the nonce to rendering [0.79ms]
(pass) password recovery proof > is user-bound and can be consumed only once [0.03ms]
(pass) public eligibility proxy > public eligibility skip decisions keep session hints eligible for live checks [0.05ms]
(pass) public eligibility proxy > only the exact method/path matrix can bypass eligibility [0.09ms]
(pass) public eligibility proxy > credentialless public pages and APIs bypass session lookup [0.58ms]
(pass) public eligibility proxy > onboarding, callback, and health loop-safe paths remain available to held sessions [0.58ms]
(pass) admin auth redirect helpers > 관리자 next 경로와 쿼리를 안전하게 보존한다 [0.11ms]
(pass) admin auth redirect helpers > 홈 로그인 모달 요청 URL을 읽고 검증된 next만 넘긴다 [0.06ms]
(pass) admin auth redirect helpers > privacy onboarding uses one exact loop-safe home modal URL [0.03ms]
(pass) admin auth redirect helpers > 홈 쿼리 로그인 성공은 success-aware cleanup을 사용하고 관리자 redirect는 assign을 유지한다 [0.17ms]
(pass) admin middleware login redirect > 미로그인 관리자는 auth required 화면 대신 홈 로그인 모달 URL로 보낸다 [1.29ms]
(pass) admin middleware login redirect > 관리자 로그인 리디렉션은 초과 길이 또는 잘못된 next 컨텍스트를 루트로 제한한다 [0.58ms]
(pass) admin middleware login redirect > 활성 세션 확인이 실패하면 로그인 화면으로 닫힌다 [0.69ms]
(pass) admin middleware login redirect > 로그인했지만 관리자가 아니면 홈으로 보낸다 [0.36ms]
(pass) admin middleware login redirect > 관리자는 요청한 관리자 페이지를 그대로 통과한다 [0.50ms]
(pass) admin middleware login redirect > 마이페이지 인증 리디렉션은 캐시하지 않는다 [0.33ms]
(pass) admin middleware login redirect > Supabase 설정이 없으면 보호된 관리자 JSON 응답을 캐시하지 않는다 [0.30ms]
(pass) 관리자 보호 경로의 비탐색 요청은 리디렉션 대신 닫힌 JSON 응답을 받는다 [0.36ms]
(pass) 관리자 권한 및 상태 권한 오류는 API 요청을 fail closed 한다 [0.44ms]
(pass) live eligibility denials, malformed receipts, and RPC failures close protected sessions [0.67ms]
(pass) existing accounts are classification-only and missing privacy evidence stays onboarding-required [0.09ms]

tests-unit/header-bookmark-notification-ux-source.test.ts:
(pass) header bookmark and notification UX source contracts > desktop bookmark menu has intent-loaded data, responsive panel, and clear loading/empty/error states [0.19ms]
(pass) header bookmark and notification UX source contracts > desktop notification menu distinguishes loading, error, empty, unread, and destination states [0.35ms]
(pass) header bookmark and notification UX source contracts > mobile bookmark and notification controls keep the same touch, state, and responsive affordances [0.73ms]
(pass) header bookmark and notification UX source contracts > notification context exposes owner-scoped loading/error snapshots [0.19ms]

tests-unit/naver-map-mobile-offset-helpers.test.ts:
(pass) naver map mobile offset helpers > subtracts only the navigation height still occluding the SDK map [0.04ms]
(pass) naver map mobile offset helpers > calculates centered vertical offset from sheet and nav heights [0.02ms]
(pass) naver map mobile offset helpers > clamps sheet percent between 0 and 100
(pass) naver map mobile offset helpers > resolves zero vertical offset outside mobile and tablet layouts [0.01ms]
(pass) naver map mobile offset helpers > resolves calculated vertical offset for mobile and tablet layouts

tests-unit/auth-release-smoke-source.test.ts:
(pass) origin, storage, and Supabase validation fail closed [0.52ms]
(pass) authenticated browser proof is challenge-bound, redacted, and fail-closed [0.29ms]
(pass) release smoke classifies existing sessions only and cannot create privacy admission evidence [0.17ms]
(pass) proof transport bypasses hostile page code and routing blocks egress before dispatch [0.33ms]
(pass) release CLI is strict, canonical, and independent from environment trust inputs [0.28ms]
(pass) deployment receipt digest is canonical and binds release tuple fields [0.43ms]
(pass) cell, metadata, final path, and revocation proof are strict [0.45ms]
(pass) bounded helpers fail on spawn error, nonzero exit, output overflow, and hangs [39.12ms]
(pass) Windows cleanup accepts normal exit only after targeted job-boundary verification [49.41ms]
(pass) Windows broker control channel is nonce-bound and fails closed on missing proof [0.47ms]
(pass) Windows PowerShell startup progress filtering is exact and preserves diagnostics [0.07ms]
(pass) fake Windows broker requires READY, ACK, STARTED, COMPLETE, and control-channel close [60.72ms]
(pass) POSIX cleanup requires the owned PID-namespace supervisor and child output remains redacted [44.34ms]
(pass) parent lifecycle cleanup drains local child handles after verified timeout teardown, handles spawn failure, and rejects cleanup ambiguity [65.60ms]
(pass) child output cap discards oversized combined output before teardown [0.66ms]
(skip) production controller tears down a real resistant descendant and closes pipes
(pass) bound session identity requires canonical duplicate-free JWT claims and a bounded opaque refresh digest [1.25ms]
(pass) authoritative identity and preflight RPCs bind the dedicated user, refresh digest, and exact lease [0.79ms]
(pass) authoritative revocation retries idempotently and requires exact readback [0.94ms]
(pass) browser child cannot revoke or receive parent-only Supabase credentials [0.56ms]
(pass) revocation migration, active-session authorization, and containment are fail closed [0.74ms]
(pass) Linux supervisor runtime selection fails closed outside verified Node 24 [0.11ms]

tests-unit/public-insights-timed-cache.test.ts:
(pass) pruneTimedCache > deletes entries whose deadline has already passed [0.05ms]
(pass) pruneTimedCache > deletes an entry exactly at its deadline and keeps the one after it [0.01ms]
(pass) pruneTimedCache > drops null entries even when the deadline cannot be read
(pass) pruneTimedCache > keeps every entry while the cache is within its cap
(pass) pruneTimedCache > drops the oldest inserted entries once the cap is exceeded
(pass) pruneTimedCache > bounds a growing cache to the cap across repeated writes [1.05ms]

tests-unit/naver-map-wheel-helpers.test.ts:
(pass) naver map wheel helpers > returns no-op when delta direction is zero [0.05ms]
(pass) naver map wheel helpers > uses previous target zoom during fast continuous wheel input
(pass) naver map wheel helpers > clamps zoom to min/max bounds
(pass) naver map wheel helpers > builds viewport-relative mouse offsets and in-bounds flag [0.05ms]
(pass) naver map wheel helpers > marks viewport plan as outside when wheel event is beyond bounds
(pass) naver map wheel helpers > rebuilds center-relative mouse offset after zoom [0.01ms]
(pass) naver map wheel helpers > builds anchor adjustment payload for hover-preserving zoom correction [0.03ms]
(pass) naver map wheel helpers > builds stable wheel input payload [0.02ms]
(pass) naver map wheel helpers > queues wheel input when anchor adjustment is still running [0.02ms]
(pass) naver map wheel helpers > flushes queued wheel input only when anchor adjustment is idle [0.02ms]
(pass) naver map wheel helpers > resolves post-adjust continuation state from current zoom and queue flag
(pass) naver map wheel helpers > builds projection adapter around map constructors and projection API [0.05ms]
(pass) naver map wheel helpers > clears a pending anchor-adjust listener through injected remover [0.02ms]
(pass) naver map wheel helpers > treats an unchanged projection offset as not ready for same-turn correction [0.01ms]
(pass) naver map wheel helpers > resolves cleanup state by resetting anchor-adjust and queue state

tests-unit/notification-admin-send.test.ts:
(pass) admin transactional notification RPC contracts > keeps privacy-safe bounded request and readback validation at the route boundary [0.20ms]
(pass) admin transactional notification RPC contracts > uses only the exact typed creation RPC, validates its compact receipt, then reads back every invariant [0.04ms]
(pass) admin transactional notification RPC contracts > database rechecks the current active admin and preserves the exact minimized payload contract [0.10ms]
(pass) admin transactional notification RPC contracts > locks active admin authority through the durable marketing claim and keeps transport truth separate from app cleanup [0.26ms]
(pass) admin transactional notification RPC contracts > allows service-role execution only through the catalog-asserted RPC while direct notification mutation remains revoked [0.27ms]
(pass) admin transactional notification RPC contracts > keeps marketing separate and does not return raw unsafe values [0.12ms]

tests-unit/mypage-reviews-read-runtime.test.ts:
(pass) my-reviews read status and retry > a successful empty result stays distinct from a read failure [0.72ms]
(pass) my-reviews read status and retry > returned-error rejects with a fixed error and a retry recovers the saved review [0.48ms]
(pass) my-reviews read status and retry > thrown-error rejects with a fixed error and a retry recovers the saved review [0.17ms]
(pass) my-reviews read status and retry > restaurant-error rejects with a fixed error and a retry recovers the saved review [0.17ms]
(pass) my-reviews read status and retry > canonical-error rejects with a fixed error and a retry recovers the saved review [0.22ms]
(pass) my-reviews read status and retry > a failed refresh keeps prior successful data available rather than replacing it with empty data [0.46ms]

tests-unit/naver-map-focus-helpers.test.ts:
(pass) naver map focus helpers > focuses map on restaurant coordinates with zoom [0.06ms]
(pass) naver map focus helpers > skips when map or coordinates are missing [0.01ms]

tests-unit/sanitize-leak.test.ts:
(pass) privacy sanitizer leak absence (Property 28) > never leaks a planted Forbidden_Log_Field value into the sink serialization [24.94ms]
(pass) privacy sanitizer leak absence (Property 28) > redacts one carrier from every Forbidden_Log_Field class in a single nested record [0.25ms]

tests-unit/privacy-onboarding-route-runtime.test.ts:
(pass) privacy onboarding full route runtime contracts > password start -> create -> recovery replay (email confirmation false) [45.47ms]
(pass) privacy onboarding full route runtime contracts > password start -> create -> recovery replay (email confirmation true) [47.39ms]
(pass) privacy onboarding full route runtime contracts > existing password account confirms and accepts same-challenge replay without creating an account [42.38ms]
(pass) privacy onboarding full route runtime contracts > OAuth callback none [35.63ms]
(pass) privacy onboarding full route runtime contracts > OAuth callback confirmation [37.52ms]
(pass) privacy onboarding full route runtime contracts > OAuth callback eligibility [42.94ms]
(pass) privacy onboarding full route runtime contracts > OAuth callback nonce [37.44ms]
(pass) privacy onboarding full route runtime contracts > OAuth rejects tamper before exchanging provider code [28.40ms]
(pass) privacy onboarding full route runtime contracts > OAuth rejects expiry before exchanging provider code [29.20ms]
(pass) privacy onboarding full route runtime contracts > OAuth rejects origin before exchanging provider code [30.68ms]
(pass) privacy onboarding full route runtime contracts > OAuth rejects nonce before exchanging provider code [42.11ms]
(pass) privacy onboarding full route runtime contracts > OAuth rejects secret before exchanging provider code [30.43ms]
(pass) privacy onboarding full route runtime contracts > password rejects tamper, expiry, wrong secret and cross-origin before signup [114.44ms]
(pass) privacy onboarding full route runtime contracts > password finalization denies confirmation [32.89ms]
(pass) privacy onboarding full route runtime contracts > password finalization denies eligibility [35.10ms]
(pass) privacy onboarding full route runtime contracts > under-14 start remains denied before challenge or identity creation [36.08ms]

tests-unit/field-vitals.test.ts:
(pass) anonymous field distributions > keeps zero, boundaries and overflow without false exact quantiles [0.19ms]
(pass) anonymous field distributions > rejects identifiers, URLs, raw values and invalid dimensions [0.07ms]
(pass) anonymous field distributions > excludes QA, automation, preview/local and private surfaces [0.07ms]

tests-unit/privacy-onboarding.test.ts:
(pass) privacy onboarding challenge > fresh password and OAuth cookies roundtrip with the issuer signing context [0.81ms]
(pass) privacy onboarding challenge > random token digest follows the immutable SQL SHA-256 contract rather than cookie HMAC [0.16ms]
(pass) privacy onboarding challenge > 만료·변조·비정규 정책 해시 또는 nonce challenge를 거부한다 [0.18ms]
(pass) privacy onboarding challenge > OAuth nonce is the one-time confirmation token and the signed origin is mandatory [0.13ms]
(pass) privacy onboarding challenge > rejected onboarding responses expire all bounded Supabase auth chunks [0.41ms]
(pass) privacy onboarding challenge > 재사용과 정책 불일치는 서버의 원자적 확정 경로로 넘긴다 [0.15ms]
(pass) privacy onboarding challenge > OAuth callback uses only the signed HttpOnly challenge as the onboarding discriminator [0.08ms]
(pass) privacy onboarding challenge > no-challenge OAuth sessions without a live receipt enter only exact onboarding without revocation [0.41ms]
(pass) privacy onboarding challenge > browser auth contexts cannot bypass the privacy onboarding challenge [0.26ms]
(pass) privacy onboarding challenge > live eligibility receipt gates browser sessions without process-global policy state [0.16ms]
(pass) live privacy eligibility receipt > eligible current receipt is accepted only with the exact bounded schema [0.08ms]
(pass) live privacy eligibility receipt > missing profile, policy drift, adult block, and guardian expiry or withdrawal remain fail-closed [0.06ms]
(pass) live privacy eligibility receipt > malformed, contradictory, and error receipts cannot open a session [0.06ms]
(pass) minimum-data age and consent choices > 만 14세 미만 가입은 보호자 확인 경로가 배포·읽기검증될 때까지 차단한다 [0.34ms]
(pass) minimum-data age and consent choices > 선택 마케팅과 야간 채널 동의는 기본 거부이며 필수 정책 동의와 분리된다 [0.03ms]
(pass) minimum-data age and consent choices > 야간 마케팅은 같은 채널의 명시적 일반 마케팅 동의 없이는 만들지 않는다 [0.06ms]
(pass) minimum-data age and consent choices > 정책 내용 해시는 정확한 렌더링 입력을 고정한다 [0.08ms]
(pass) fresh onboarding confirmation receipt > requires an exact verified schema-v1 receipt and accepts a verified replay [0.11ms]
(pass) fresh onboarding confirmation receipt > G016 serializes same-user replay and exposes one canonical nonce-aware signature [0.10ms]
(pass) privacy-safe error handling > password, token, email, provider error object를 로그나 응답에 싣지 않는다 [0.12ms]
(pass) G014 server session release boundaries > self and service-target eligibility reads are exact RPC-only fail-closed boundaries [0.10ms]
(pass) G014 server session release boundaries > callback finalizes the nonce-bound challenge before live eligibility and rejects ambiguous OAuth without identity mutation [0.24ms]
(pass) G014 server session release boundaries > rejected OAuth callbacks redirect no-store after attempting both sign-outs even when they fail [1.07ms]
(pass) G014 server session release boundaries > rejected OAuth callbacks redirect no-store after both sign-outs resolve [0.20ms]
(pass) G014 server session release boundaries > password onboarding keeps explicit Auth absence checks for identity cleanup [0.08ms]
(pass) G014 server session release boundaries > protected middleware releases no stale session and public auth/privacy paths remain loop-safe [0.11ms]
(pass) G014 server session release boundaries > password finalization and replay recovery are same-origin, provenance-bound, held on ambiguity, and non-enumerating [0.19ms]
(pass) G014 server session release boundaries > existing-account recovery accepts only an authenticated server-derived password-proof subject [0.19ms]

tests-unit/naver-map-window-resize-helpers.test.ts:
(pass) naver map window resize helpers > debounces resize and triggers only the latest scheduled resize [0.15ms]
(pass) naver map window resize helpers > cancel clears pending resize [0.04ms]
(pass) naver map window resize helpers > cleanup removes listener before cancelling pending resize [0.06ms]

tests-unit/admin-storyboard-visible-scenes.test.ts:
(pass) storyboard visible trusted scenes > keeps text-only storyboard cuts available for the canvas source pages [0.11ms]
(pass) storyboard visible trusted scenes > omits a fifth no-image scene without creating a phantom visible CUT [0.09ms]
(pass) storyboard visible trusted scenes > keeps real pagination when more than four trusted generated scenes exist [0.03ms]
(pass) storyboard visible trusted scenes > targets later source pages even when their images are still missing [0.06ms]
(pass) storyboard visible trusted scenes > targets the source page to fill missing images instead of regenerating only visible cuts [0.03ms]
(pass) storyboard visible trusted scenes > keeps sparse trusted cuts in their source page window instead of compacting them forward [0.07ms]

tests-unit/local-dev-dist-dir.test.ts:
(pass) local dev dist dir > binds the cache directory to the effective port [0.03ms]
(pass) local dev dist dir > rejects invalid ports before building a cleanup path [0.04ms]

tests-unit/admin-evaluation-completeness.test.ts:
(pass) admin evaluation completeness > marks active rows with missing metric values as evaluator rerun candidates [0.18ms]
(pass) admin evaluation completeness > does not mark deleted, missing, or not-selected rows for evaluator rerun [0.02ms]
(pass) admin evaluation completeness > uses rerun copy instead of generic empty-basis fallback [0.01ms]

tests-unit/map-view-marker-helpers.test.ts:
(pass) map view marker helpers > detects selected marker from selected or searched id [0.03ms]
(pass) map view marker helpers > returns marker size by selection state [0.01ms]
(pass) map view marker helpers > builds class-only marker HTML with valid local and HTTPS images [0.09ms]
(pass) map view marker helpers > fails closed for unsafe marker image values and escapes alt text [0.16ms]
(pass) map view marker helpers > normalizes non-canonical marker sizes to the selection state size classes [0.10ms]
(pass) map view marker helpers > toggles only the fixed selected and size classes without style mutation [0.07ms]
(pass) map view marker helpers > treats empty marker content as a safe no-op [0.01ms]
(pass) map view marker helpers > updates selection in place without rebuilding every Google marker [0.10ms]

tests-unit/public-insights-treemap.test.ts:
(pass) public insights treemap route support > normalizes period values for the public treemap API [0.04ms]
(pass) public insights treemap route support > keeps the public period union independent of admin insight UI [0.01ms]
(pass) public insights treemap route support > normalizes metric mode values for the public treemap API [0.04ms]
(pass) public insights treemap route support > keeps meta_history out of current-period public queries and isolates history caches [0.12ms]
(pass) public insights treemap route support > keeps public treemap cache keys and CDN freshness explicit [0.27ms]
(pass) public insights treemap route support > renders dense public insights treemap context and small-cell guidance [0.10ms]
(pass) public insights treemap route support > builds the exact public treemap CDN cache header [0.06ms]

tests-unit/expanded-cluster-restaurant-snapshot.test.ts:
(pass) expanded cluster restaurant snapshot > resolves the current row before the snapshot and the merged parent [0.06ms]
(pass) expanded cluster restaurant snapshot > keeps an expanded row that has left the current list [0.01ms]
(pass) expanded cluster restaurant snapshot > does not revive a snapshot row while no cluster is expanded [0.01ms]
(pass) expanded cluster restaurant snapshot > uses the snapshot before the merged parent while a cluster is expanded
(pass) expanded cluster restaurant snapshot > returns undefined for an empty, missing, or non-string id [0.02ms]
(pass) expanded cluster restaurant snapshot > returns undefined when the lookup maps are missing
(pass) expanded cluster restaurant snapshot > returns undefined when a lookup map throws [0.06ms]
(pass) expanded cluster restaurant snapshot > drops rows that are no longer current, expanded, or selected [0.10ms]
(pass) expanded cluster restaurant snapshot > keeps an expanded id that is absent from the current maps [0.01ms]
(pass) expanded cluster restaurant snapshot > does not let a merged parent overwrite a current row with the same id [0.02ms]
(pass) expanded cluster restaurant snapshot > accepts an empty snapshot update and a non-array retain list [0.01ms]
(pass) expanded cluster restaurant snapshot > map view resolves markers through the snapshot instead of copying both lookup maps [0.30ms]

tests-unit/public-large-asset-delivery.test.ts:
(pass) legacy public font redirect preserves GET/HEAD and remains rollbackable [0.10ms]

tests-unit/review-close-revision-browser.test.ts:
(pass) real React and IDB composer revision orderings [1118.51ms]

tests-unit/mobile-desktop-parity-source.test.ts:
(pass) mobile and desktop parity source contracts > responsive overflow smoke includes the unified admin console route [0.14ms]
(pass) mobile and desktop parity source contracts > responsive runner emits only fixed failure codes and allowlisted library facts [0.22ms]
(pass) mobile and desktop parity source contracts > admin evaluation metric parsers accept LAAJ objects without name [0.25ms]
(pass) mobile and desktop parity source contracts > responsive runner emits only fixed failure codes and allowlisted library facts [0.08ms]
(pass) mobile and desktop parity source contracts > admin console exposes both mobile-width and desktop-width navigation affordances [5.58ms]
(pass) mobile and desktop parity source contracts > admin evaluations keep equivalent mobile-card and desktop-table controls [0.52ms]
(pass) mobile and desktop parity source contracts > admin evaluation delete is immediate while restore keeps inline typed confirmation [0.61ms]
(pass) mobile and desktop parity source contracts > embedded submission and review modules cannot switch into restaurant evaluation view [0.31ms]
(pass) mobile and desktop parity source contracts > banner admin uses one responsive two-pane editor with keyboard upload access [0.21ms]
(pass) mobile and desktop parity source contracts > legacy admin review panel deletion also avoids native confirm drift [0.09ms]
(pass) mobile and desktop parity source contracts > my review deletion uses the same inline typed confirmation on mobile and desktop [0.09ms]
(pass) mobile and desktop parity source contracts > home navigation parity keeps desktop header routes and mobile overlay routes aligned intentionally [0.31ms]
(pass) mobile and desktop parity source contracts > home map controls keep mobile touch targets and desktop map landmarks accessible [8.13ms]

tests-unit/nightly-playwright-failure-evidence.test.ts:
(pass) keeps all 64 located failure classifications inside the immutable 8 KiB bound [1.23ms]
(pass) nightly Playwright failure evidence > extracts final-attempt same-spec error coordinates without private reporter data [0.25ms]
(pass) nightly Playwright failure evidence > accepts only exact curated source aliases and bounded one-based coordinates [0.40ms]
(pass) nightly Playwright failure evidence > drops foreign paths even with a matching basename or forged report root [0.58ms]
(pass) nightly Playwright failure evidence > omits malformed and out-of-range location metadata without changing failure gates [0.69ms]
(pass) nightly Playwright failure evidence > never borrows declaration, stack, earlier retry, or secondary error coordinates [0.18ms]
(pass) nightly Playwright failure evidence > retains exit, status, spec, and result-count rejection with valid locations [0.17ms]
(pass) nightly Playwright failure evidence > round-trips located and legacy sanitizer output through the strict Python verifier [81.59ms]
(pass) nightly Playwright failure evidence > reduces private JSON to curated IDs and fixed classifications [0.18ms]
(pass) nightly Playwright failure evidence > records a fixed runner class when a failed command has no test error [0.06ms]
(pass) nightly Playwright failure evidence > keeps the raw report and sanitized evidence in owner-only custody [0.94ms]
(pass) nightly Playwright failure evidence > writes only fixed owner-only runner stage evidence before a report exists [0.65ms]
(pass) nightly Playwright failure evidence > writes evidence through the guarded descriptor and rejects a symlink destination [0.41ms]
(pass) nightly Playwright failure evidence > preserves sanitized Playwright failure evidence after a later diagnostics failure [0.73ms]
(pass) nightly Playwright failure evidence > runs stop and log cleanup even when private report cleanup throws [0.24ms]
(pass) nightly Playwright failure evidence > fails closed on uncurated specs, forged counts, and unsafe files [0.75ms]
(pass) nightly Playwright failure evidence > removes stale evidence before normal CLI validation fails [124.30ms]
(pass) nightly Playwright failure evidence > writes fixed admission evidence when E2E input validation fails before browser startup [56.28ms]
(pass) nightly Playwright failure evidence > replaces prior evidence when stale private-report custody fails before main [54.20ms]

tests-unit/dashboard-route-contract.test.ts:
(pass) dashboard route contracts > summary fixes responses and logs even for hostile error names [6.54ms]
(pass) dashboard route contracts > restaurants fixes responses and logs even for hostile error names [5.32ms]
(pass) dashboard route contracts > video/[videoId] fixes responses and logs even for hostile error names [4.23ms]
(pass) dashboard route contracts > rejects missing and invalid IDs before loading any rows [7.37ms]
(pass) dashboard route contracts > serves allowed boundaries with a trimmed lookup key [1.72ms]
(pass) dashboard route contracts > retains the fixed 404 for an absent stored video [0.74ms]
(pass) dashboard route contracts > retains summary freshness headers [0.97ms]
(pass) dashboard route contracts > retains restaurant filter and paging arguments [1.18ms]

tests-unit/visible-marker-review-bubble-selection.test.ts:
(pass) visible marker review bubble selection > matches a full stable sort for reviewed restaurants and keeps merged ids [0.30ms]
(pass) visible marker review bubble selection > uses every identified restaurant when none has a review count [0.04ms]
(pass) visible marker review bubble selection > returns an empty list for an empty candidate list, a non-positive limit, or rows without ids [0.02ms]
(pass) visible marker review bubble selection > rejects a missing list or options without throwing [0.03ms]
(pass) visible marker review bubble selection > truncates a fractional limit the same way a stable slice does [0.02ms]

tests-unit/review-draft-revision-browser.test.ts:
(pass) real React and IDB composer revision orderings [983.91ms]

tests-unit/map-view-helpers.test.ts:
(pass) map view helpers > returns country config or default center [0.04ms]
(pass) map view helpers > merges searched restaurant only when missing [0.09ms]
(pass) map view helpers > returns marker icon path and fallback [0.04ms]
(pass) map view helpers > computes adjusted lng from panel width [0.03ms]

tests-unit/ad-banner-url-security.test.ts:
(pass) ad banner URL trust boundary > resolves only canonical application paths and YouTube destinations [0.24ms]
(pass) ad banner URL trust boundary > accepts only the configured Supabase public-object URL for banner media [0.12ms]
(pass) ad banner URL trust boundary > validates complete persisted media, media type, and destination tuples [0.07ms]
(pass) ad banner URL trust boundary > resolves admin previews and validates writes before Supabase mutations [0.20ms]
(pass) ad banner URL trust boundary > drops untrusted media and removes invalid destinations before the popup renders [0.25ms]
(pass) ad banner URL trust boundary > keeps invalid destinations out of clickable and focusable popup elements [0.09ms]

tests-unit/pencil-storyboard-review-queue.test.ts:
(pass) Pencil storyboard review queue contract > accepts a mapped review item that points Pencil exports to reviewable source files [1.39ms]
(pass) Pencil storyboard review queue contract > accepts unresolved items as review queue entries without pretending to mutate code [0.67ms]
(pass) Pencil storyboard review queue contract > rejects direct React generation, source mutation, missing exports, and unmapped Pencil nodes [0.63ms]

tests-unit/map-query-helpers.test.ts:
(pass) map query helpers > builds map view query options [0.04ms]
(pass) map query helpers > builds overseas query options [0.02ms]
(pass) map query helpers > builds naver query options [0.01ms]
(pass) map query helpers > builds compact naver query options with region bounds [0.01ms]
(pass) map query helpers > reuses the readonly category input instead of cloning it for query options
(pass) map query helpers > forwards metadata-backed compact naver featured theme
(pass) map query helpers > uses filter-aware naver empty state copy [0.08ms]
(pass) map query helpers > uses bounded naver data only before deferred full-map effects run [0.01ms]

tests-unit/admin-same-video-duplicate-warning.test.ts:
(pass) same-video duplicate warning candidates > warns for same-video exact identity candidates [0.24ms]
(pass) same-video duplicate warning candidates > does not warn across different videos or deleted rows [0.01ms]
(pass) same-video duplicate warning candidates > formats an operator-facing concise warning [0.02ms]

tests-unit/naver-map-render-guard.test.ts:
(pass) naver map marker render guard > skips marker render when effective signature is unchanged [0.06ms]
(pass) naver map marker render guard > does not skip marker render when selected marker changes [0.02ms]
(pass) naver map marker render guard > does not skip marker render when viewport or mode changes [0.07ms]
(pass) naver map marker render guard > does not skip marker render when marker kind, asset version, or user toggle changes [0.14ms]
(pass) naver map marker render guard > reuses the display id signature for the same id list [0.05ms]
(pass) naver map marker render guard > keeps an empty desktop marker render from poisoning the render signature [0.51ms]

tests-unit/privacy-retention-schedule.test.ts:
(pass) privacy retention production schedule > uses a canonical UTC cutoff and deterministic bound retry key [0.19ms]
(pass) privacy retention production schedule > forwards only exact preview hash bindings through apply and final readback [1.63ms]
(pass) privacy retention production schedule > preserves a SQL applied-null receipt through runner, route serialization, and scheduler parsing [0.58ms]
(pass) privacy retention production schedule > rejects missing, extra, and inconsistent final receipt fields [0.53ms]
(pass) privacy retention production schedule > fails closed outside the exact production endpoint and capability contract [0.06ms]
(pass) privacy retention production schedule > keeps scheduled orchestration storage-blind and its internal endpoint binding-strict [0.38ms]
(pass) privacy retention production schedule > permits Node fetch CORS metadata through capability comparison and rejects browser and near-miss fetch metadata [2.66ms]

tests-unit/nightly-regression-workflow.test.ts:
(pass) nightly regression package and source contracts > publishes one package entry point for the explicit nightly runner [0.10ms]
(pass) nightly regression package and source contracts > passes the verified Node 24 supervisor into the unit lane [0.08ms]
(pass) nightly regression package and source contracts > passes only validated GitHub socket admission context to local stack children [0.43ms]
(pass) nightly regression package and source contracts > keeps hosted regression as an explicit manual fallback [0.21ms]
(pass) nightly regression package and source contracts > routes publication script changes through web admin pull and push CI [0.02ms]
(pass) nightly regression package and source contracts > parses local and hosted mode only from explicit command arguments [0.05ms]
(pass) nightly regression package and source contracts > requires dedicated nightly inputs instead of silently falling back to ambient env files [0.03ms]
(pass) nightly regression package and source contracts > keeps the browser lane pinned to curated public and real-local admin specs [0.11ms]
(pass) nightly regression package and source contracts > keeps mobile emulation inside the selected Chromium project [0.10ms]
(pass) nightly regression package and source contracts > requires loopback local endpoints and blocks third-party browser destinations [0.74ms]
(pass) nightly regression package and source contracts > keeps the real local admin browser mutation exception exact and browser-originated [0.87ms]
(pass) nightly regression package and source contracts > proves local browser function, owned Storage cleanup, and Realtime without raw evidence [0.16ms]
(pass) nightly regression package and source contracts > proves the real local current-profile mutation lifecycle without raw evidence [0.28ms]
(pass) nightly regression package and source contracts > requires an explicit non-conflicting local browser port [0.13ms]
(pass) nightly regression package and source contracts > requires current owner-only local stack and migration receipts before browser admission [0.14ms]
(pass) nightly regression package and source contracts > keeps nightly web log custody owner-only and symlink-safe [0.06ms]
(pass) nightly regression package and source contracts > keeps local Supabase fixture routing fail-closed [0.26ms]
(pass) nightly regression package and source contracts > keeps local health responses redacted to the stable three-field contract [0.03ms]
(pass) nightly regression package and source contracts > accepts the runner base URL and forwards only the local admin credentials needed by the real DB lane [0.12ms]
(pass) nightly regression package and source contracts > leaves the existing Playwright projects and server controls intact [0.10ms]
(pass) nightly regression package and source contracts > reduces the private Playwright JSON report before diagnostics persistence [0.24ms]
(pass) nightly regression package and source contracts > reconstructs local Docker nightly and uploads only sanitized artifacts [5.04ms]
(pass) nightly regression package and source contracts > uses one exact publication allowlist from capture through release [0.31ms]
(pass) nightly regression package and source contracts > attempts both requested local lanes before aggregating their raw outcomes [0.24ms]
(pass) nightly regression package and source contracts > captures a failing lane exit code even when the workflow shell inherits errexit [42.84ms]
(pass) nightly regression package and source contracts > emits only fixed-schema lane summaries and rejects inconsistent outcomes [55.07ms]
(pass) nightly regression package and source contracts > verifies and copies only bounded E2E failure evidence into diagnostics [193.47ms]
(pass) nightly regression package and source contracts > routes public web and local Supabase changes into Web Admin CI [0.09ms]
(pass) local migration v2 receipt envelope > admits v2 envelope for subsequent full authority validation, retaining v1 filename [0.14ms]
(pass) local migration v2 receipt envelope > rejects stale counts/schema, absent proofs, extra fields and provenance drift [0.14ms]

tests-unit/storyboard-provider-allowlist-parity.test.ts:
(pass) storyboard provider allowlist parity > the external-AI-off SQL gate admits every loopback provider the client advertises [0.10ms]
(pass) storyboard provider allowlist parity > official API providers stay refused before the external-AI gate

tests-unit/zz-ocr-route-contract.test.ts:
(pass) OCR extract route privacy and normalization contract > stores only bounded count/status metadata and excludes raw receipt/provider/credential payloads [0.24ms]
(pass) OCR extract route privacy and normalization contract > disables raw OCR log caching and persists fixed failure codes only [0.23ms]
(pass) OCR extract route privacy and normalization contract > rejects unauthenticated and oversized OCR requests before reading image bytes [0.14ms]
(pass) OCR extract route privacy and normalization contract > rejects cross-site OCR mutations before authentication or paid work [0.13ms]
(pass) OCR extract route privacy and normalization contract > parses only bounded, unique OCR multipart fields [0.44ms]
(pass) OCR extract route privacy and normalization contract > rejects malformed and chunked oversized OCR multipart bodies [1.98ms]
(pass) OCR extract route privacy and normalization contract > keeps authenticated OCR reads and writes on the user-scoped client [0.17ms]
(pass) OCR extract route privacy and normalization contract > force refresh rejection copy does not expose dev/admin internals [0.07ms]
(pass) OCR extract route privacy and normalization contract > fails closed without exposing diagnostics when quota state is unavailable [0.10ms]
(pass) OCR extract route privacy and normalization contract > uses an authenticated atomic OCR quota reservation instead of count-then-act [0.20ms]
(pass) OCR extract route privacy and normalization contract > parses bounded OCR quota receipts and fails closed on malformed RPC data [0.27ms]
(pass) OCR extract route privacy and normalization contract > admin OCR rerun preflights workflow before destructive reset and rolls back dispatch failures [0.65ms]
(pass) OCR extract route privacy and normalization contract > inline OCR rejects foreign, originless, and cross-site browser mutations [0.06ms]
(pass) OCR extract route privacy and normalization contract > inline OCR blocks secret-bearing fixtures before persistence and never retains debug receipt artifacts [0.27ms]
(pass) OCR extract route privacy and normalization contract > admin receipt image retrieval remains private, bounded, contained, and non-destructive [7.90ms]

tests-unit/vercel-ignore-build.test.ts:
(pass) Vercel ignored build branch policy > is wired through the project vercel.json [0.06ms]
(pass) Vercel ignored build branch policy > continues exactly authorized production builds from main [50.85ms]
(pass) Vercel ignored build branch policy > holds production when authorization is missing, malformed, or for another commit [333.62ms]
(pass) Vercel ignored build branch policy > requires an explicit true configuration and fails closed on unreadable or malformed configuration [279.70ms]
(pass) Vercel ignored build branch policy > skips preview builds from main [59.76ms]
(pass) Vercel ignored build branch policy > skips accidental production deployments from non-main branches [58.85ms]
(pass) Vercel ignored build branch policy > continues preview builds only for develop [53.28ms]
(pass) Vercel ignored build branch policy > skips data, sync, and arbitrary feature branch preview builds [161.60ms]
(pass) Vercel ignored build branch policy > normalizes full refs and fails closed when the branch is unavailable [218.35ms]

tests-unit/dev-admin-bypass-cookie.test.ts:
(pass) dev admin bypass cookie > accepts only signed localhost thumbnail-dev cookies with enabled e2e env [0.61ms]
(pass) dev admin bypass cookie > rejects missing env, production, non-local host, tampering, and expiry [0.25ms]
(pass) dev admin bypass cookie > limits local-host parsing and bootstrap next targets [0.06ms]

tests-unit/admin-address-consistency.test.ts:
(pass) admin address consistency explanations > labels staged geocoding failures as False with stage-specific reason [0.66ms]
(pass) admin address consistency explanations > labels null-stage geocoding failures as Failed with system-level explanation [0.07ms]
(pass) admin address consistency explanations > uses structured pending reason when no false message exists [0.09ms]
(pass) admin address consistency explanations > treats missing and not-selected records as not applicable [0.02ms]
(pass) admin address consistency explanations > keeps structured evidence in item-5-friendly Korean summaries [0.08ms]
(pass) admin address consistency explanations > does not expose English-only raw failure messages in item 5 [0.03ms]
(pass) admin address consistency explanations > detects geocode-recovered review queue metadata for admin filtering [0.02ms]
(pass) admin address consistency explanations > keeps unconfirmed youtube-inferred coordinates off the public map approval path [0.02ms]
(pass) admin address consistency explanations > blocks geo-true insufficient_evidence from public-map approval [0.43ms]
(pass) admin address consistency explanations > does not treat geo-false insufficient_evidence as an unconfirmed public pin [0.04ms]
(pass) admin address consistency explanations > gives operators root-cause guidance for staged mismatch rows [0.03ms]
(pass) admin address consistency explanations > separates geocode-recovered queues and admin-touched rows for manual review [0.02ms]
(pass) admin address consistency explanations > labels geocode-recovered review queue as additional review instead of hard mismatch [0.07ms]
(pass) admin address consistency explanations > separates high-evidence mismatch rows as promotion candidates without auto-approval [0.44ms]
(pass) admin address consistency explanations > surfaces collected business state, alias, name conflict, and duplicate signals [0.10ms]
(pass) admin address consistency explanations > summarizes optional AHP 98+ review metadata with guarded redaction [0.14ms]
(pass) admin address consistency explanations > keeps unknown AHP metadata operator-safe instead of leaking raw slugs [0.06ms]

tests-unit/dependency-candidate-split.test.ts:
(pass) dependency candidate split + hold classification (Property 11) > generates broad case sets exceeding the 100-example floor [0.04ms]
(pass) dependency candidate split + hold classification (Property 11) > every major bump becomes a standalone one-package candidate; minor/patch stay grouped [1.06ms]
(pass) dependency candidate split + hold classification (Property 11) > a bump inside a preserved hold range is rejected; a bump outside is admitted [0.71ms]

tests-unit/account-deletion-contract.test.ts:
(pass) G014 durable account deletion contract > parses every exact account-deletion status envelope [0.86ms]
(pass) G014 durable account deletion contract > preserves exact confirmation and requires a fresh source-manifest-bound preview [0.28ms]
(pass) G014 durable account deletion contract > accepts only a complete durable applied readback as the browser-cleanup receipt [0.05ms]
(pass) G014 durable account deletion contract > orders same-origin and strict parsing before bearer authentication, then atomically begins self deletion with reauthentication [0.75ms]
(pass) G014 durable account deletion contract > hands off begin to exact-bound database cleanup, then returns only the owner db readback [0.55ms]
(pass) G014 durable account deletion contract > resumes only a same-key database-cleanup replay without consuming another proof [0.12ms]
(pass) G014 durable account deletion contract > fails closed for different-key, later-phase, or malformed progressed replay readback [0.41ms]
(pass) G014 durable account deletion contract > does not accept deletion when database cleanup fails or returns a malformed receipt [0.34ms]
(pass) G014 durable account deletion contract > does not accept deletion before the final owner readback proves database cleanup [0.33ms]
(pass) G014 durable account deletion contract > accepts a self-only service-role preview with bearer-bound identity [0.68ms]
(pass) G014 durable account deletion contract > reads only the exact authenticated owner status with no-store and no private worker binding [1.39ms]
(pass) G014 durable account deletion contract > keeps GET status readback available without starting deletion work [0.23ms]
(pass) G014 durable account deletion contract > uses only the durable service-worker RPC contract and keeps egress, lease tokens, and provider work out of the public route [1.82ms]
(pass) G014 durable account deletion contract > polls a 202 response with fixed backoff and only clears browser state after exact applied readback [0.28ms]
(pass) G014 durable account deletion contract > runs the durable worker with pinned, least-privilege scheduled automation [0.55ms]
(pass) G014 durable account deletion contract > uses a bearer-bound self-only atomic proof with no admin or direct begin path [0.16ms]
(pass) G014 durable account deletion contract > permits the Node fetch CORS marker but blocks browser and near-miss fetch metadata before the worker capability gate [3.84ms]

tests-unit/naver-map-interaction-helpers.test.ts:
(pass) naver map interaction helpers > exposes passive capture listener options [0.01ms]
(pass) naver map interaction helpers > builds stable DOM and map interaction listener plan [0.02ms]
(pass) naver map interaction helpers > marks map as user-moved, activates noncritical effects, and optionally releases search selection [0.05ms]
(pass) naver map interaction helpers > declares activation events for noncritical map side effects

tests-unit/feed-render-data.test.ts:
(pass) feed render data > preserves page order, duplicate rows, photo order and every review field without mutating cached data [0.29ms]
(pass) feed render data > reuses photo arrays across rerenders, query-result wrapper changes and filter changes [0.16ms]
(pass) feed render data > applies mine and search filters together while anonymous mine-only stays unchanged [0.07ms]
(pass) feed render data > updates photos and review values when pages change instead of returning stale cached projections [0.05ms]
(pass) feed render data > keeps unavailable, confirmed empty and empty filtered data safe [0.04ms]

tests-unit/account-deletion-worker.test.ts:
(pass) durable account-deletion worker recovery > resumes the database-owned session phase without provider egress [0.45ms]
(pass) durable account-deletion worker recovery > starts a fresh session revocation through its atomic durable cleanup boundary [0.21ms]
(pass) durable account-deletion worker recovery > pre-egress deadline exhaustion retries each phase without prepare or cleanup [0.44ms]
(pass) durable account-deletion worker recovery > storage removal response loss reconciles and never duplicates provider deletion [0.08ms]
(pass) durable account-deletion worker recovery > proof/finalizer response loss uses authoritative storage readback rather than egress [0.04ms]
(pass) durable account-deletion worker recovery > Auth deletion response loss reconciles authoritative absence before retry [0.03ms]
(pass) durable account-deletion worker recovery > a competing worker is busy and an activated hold is held, never success [0.05ms]
(pass) durable account-deletion worker recovery > an expired pre-egress lease returns retry so SQL can release it for a fresh claim [0.03ms]
(pass) durable account-deletion worker recovery > a verifier-unavailable reconciliation remains retryable without deletion or fabricated proof [0.04ms]
(pass) durable account-deletion worker recovery > captures work, prepares, deletes, verifies, proves, and finalizes in that order without returning raw storage paths [0.27ms]
(pass) durable account-deletion worker recovery > refuses a replacement between captured work and delete egress [0.23ms]
(pass) durable account-deletion worker recovery > keeps a delayed provider effect verifier-only and fences hold activation after lease expiry [401.63ms]
(pass) durable account-deletion worker recovery > serializes owner-wide storage writes through storage reconciliation and final Auth completion [0.81ms]
(pass) durable account-deletion worker recovery > fails closed before prepare when no owner-authorized conditional deletion adapter is configured [0.31ms]
(pass) durable account-deletion worker recovery > does not delete captured storage work when durable prepare fails [0.08ms]
(pass) durable account-deletion worker recovery > recovers a lost prepare response tokenlessly as verifier-only work without a second delete [0.17ms]
(pass) durable account-deletion worker recovery > advances a two-object crash recovery one durable prepare/proof cycle at a time [0.19ms]
(pass) durable account-deletion worker recovery > rejects batch-shaped storage work before durable prepare or provider egress [0.04ms]
(pass) durable account-deletion worker recovery > retries without durable prepare when the verifier is unavailable, then allows a fresh claim [0.08ms]
(pass) durable account-deletion worker recovery > rejects delete-shaped work after an unknown outcome without provider egress [0.04ms]
(pass) durable account-deletion worker recovery > rejects raw locator fields from verifier-only storage work [0.04ms]
(pass) durable account-deletion worker recovery > replays completed durable receipts for every phase without reading work or contacting a provider [0.07ms]
(pass) durable account-deletion worker recovery > treats the exact authoritative_absent zero-storage prepare result as completed [0.04ms]
(pass) durable account-deletion worker recovery > reconciles a crash after storage deletion through verify_absence_only without repeat delete egress [0.06ms]
(pass) durable account-deletion worker recovery > retries proof persistence after a verifier crash window without repeating a delete [0.08ms]
(pass) durable account-deletion worker recovery > concurrent claim results issue only one delete authority [0.05ms]
(pass) durable account-deletion worker recovery > session and Auth reconciliation-only claims never invoke delete egress [0.08ms]
(pass) internal account-deletion worker route > rejects malformed JSON, bad capability, and browser/session requests before service-role work [0.35ms]
(pass) account-deletion durable scheduler contract > claim-next returns only immutable worker binding fields and delegates the durable winner claim [0.25ms]
(pass) account-deletion durable scheduler contract > the internal claim-next mode is capability-gated, exact-body-only, and empty-safe [0.19ms]
(pass) account-deletion durable scheduler contract > the bounded CLI sends no browser binding, stops on an empty queue, and logs fixed metadata only [0.41ms]
(pass) account-deletion durable scheduler contract > the bounded CLI marks replay/partial work non-success without another batch attempt [0.06ms]
(pass) account-deletion durable scheduler contract > the bounded CLI rejects an unexpected raw field as unknown without logging it [0.06ms]
(pass) account-deletion durable scheduler contract > emits finite HTTP and response-shape diagnostics without capability or body values [0.12ms]

1 tests skipped:
(skip) production controller tears down a real resistant descendant and closes pipes


2 tests failed:
(fail) Pin_Contract verifier runtime behavior > rejects an absent repository compiler or emits a per-item installed-compiler receipt [57.96ms]
(fail) local Supabase runtime source contract > validates current 100-source fixture snapshots through the real offline authority [564.34ms]

 2729 pass
 1 skip
 2 fail
 83442 expect() calls
Ran 2732 tests across 356 files. [89.89s]
